patient,drug,n_rows,n_plates,n_plates_half0,n_plates_half1,n_dose_levels
ACH-000120,5-Azacytidine,188130,3,1,2,3
ACH-000120,5-Fluorouracil,188130,3,1,2,3
ACH-000120,AZD-8055,188130,3,1,2,3
ACH-000120,Afatinib,564390,7,3,4,3
ACH-000120,Alpelisib,188130,3,1,2,3
ACH-000120,Bicalutamide,188130,3,1,2,3
ACH-000120,Bortezomib,188130,3,1,2,3
ACH-000120,Capivasertib,188130,3,1,2,3
ACH-000120,Cytarabine,376260,4,2,2,3
ACH-000120,Dabrafenib,188130,3,1,2,3
ACH-000120,Dinaciclib,188130,3,1,2,3
ACH-000120,Docetaxel,250840,4,2,2,3
ACH-000120,Erlotinib,188130,3,1,2,3
ACH-000120,Fulvestrant,188130,3,1,2,3
ACH-000120,Gefitinib,188130,3,1,2,3
ACH-000120,Gemcitabine,188130,3,1,2,3
ACH-000120,Ipatasertib,188130,3,1,2,3
ACH-000120,Irinotecan,188130,3,1,2,3
ACH-000120,LJI308,188130,3,1,2,3
ACH-000120,Methotrexate,188130,3,1,2,3
ACH-000120,Oxaliplatin,188130,3,1,2,3
ACH-000120,Paclitaxel,188130,3,1,2,3
ACH-000120,Rapamycin,250840,4,2,2,3
ACH-000120,Retinoic acid,250840,4,2,2,3
ACH-000120,Ribociclib,188130,1,1,0,3
ACH-000120,Temsirolimus,250840,4,2,2,3
ACH-000120,Trametinib,376260,6,2,4,3
ACH-000120,Trametinib (DMSO_TF solvate),188130,3,1,2,3
ACH-000120,Vismodegib,188130,3,1,2,3
ACH-000120,crizotinib,188130,3,1,2,3
ACH-000120,olaparib,250840,4,2,2,3
ACH-000120,palbociclib,188130,3,1,2,3
ACH-000120,venetoclax,188130,3,1,2,3
ACH-000138,5-Azacytidine,188130,3,1,2,3
ACH-000138,5-Fluorouracil,188130,3,1,2,3
ACH-000138,AZD-8055,188130,3,1,2,3
ACH-000138,Afatinib,564390,7,3,4,3
ACH-000138,Alpelisib,188130,3,1,2,3
ACH-000138,Bicalutamide,188130,3,1,2,3
ACH-000138,Bortezomib,188130,3,1,2,3
ACH-000138,Capivasertib,188130,3,1,2,3
ACH-000138,Cytarabine,376260,4,2,2,3
ACH-000138,Dabrafenib,188130,3,1,2,3
ACH-000138,Dinaciclib,188130,3,1,2,3
ACH-000138,Docetaxel,250840,4,2,2,3
ACH-000138,Erlotinib,188130,3,1,2,3
ACH-000138,Fulvestrant,188130,3,1,2,3
ACH-000138,Gefitinib,188130,3,1,2,3
ACH-000138,Gemcitabine,188130,3,1,2,3
ACH-000138,Ipatasertib,188130,3,1,2,3
ACH-000138,Irinotecan,188130,3,1,2,3
ACH-000138,LJI308,188130,3,1,2,3
ACH-000138,Methotrexate,188130,3,1,2,3
ACH-000138,Oxaliplatin,188130,3,1,2,3
ACH-000138,Paclitaxel,188130,3,1,2,3
ACH-000138,Rapamycin,250840,4,2,2,3
ACH-000138,Retinoic acid,250840,4,2,2,3
ACH-000138,Ribociclib,188130,1,1,0,3
ACH-000138,Temsirolimus,250840,4,2,2,3
ACH-000138,Trametinib,376260,6,2,4,3
ACH-000138,Trametinib (DMSO_TF solvate),188130,3,1,2,3
ACH-000138,Vismodegib,188130,3,1,2,3
ACH-000138,crizotinib,188130,3,1,2,3
ACH-000138,olaparib,250840,4,2,2,3
ACH-000138,palbociclib,188130,3,1,2,3
ACH-000138,venetoclax,188130,3,1,2,3
ACH-000139,5-Azacytidine,188130,3,1,2,3
ACH-000139,5-Fluorouracil,188130,3,1,2,3
ACH-000139,AZD-8055,188130,3,1,2,3
ACH-000139,Afatinib,564390,7,3,4,3
ACH-000139,Alpelisib,188130,3,1,2,3
ACH-000139,Bicalutamide,188130,3,1,2,3
ACH-000139,Bortezomib,188130,3,1,2,3
ACH-000139,Capivasertib,188130,3,1,2,3
ACH-000139,Cytarabine,376260,4,2,2,3
ACH-000139,Dabrafenib,188130,3,1,2,3
ACH-000139,Dinaciclib,188130,3,1,2,3
ACH-000139,Docetaxel,250840,4,2,2,3
ACH-000139,Erlotinib,188130,3,1,2,3
ACH-000139,Fulvestrant,188130,3,1,2,3
ACH-000139,Gefitinib,188130,3,1,2,3
ACH-000139,Gemcitabine,188130,3,1,2,3
ACH-000139,Ipatasertib,188130,3,1,2,3
ACH-000139,Irinotecan,188130,3,1,2,3
ACH-000139,LJI308,188130,3,1,2,3
ACH-000139,Methotrexate,188130,3,1,2,3
ACH-000139,Oxaliplatin,188130,3,1,2,3
ACH-000139,Paclitaxel,188130,3,1,2,3
ACH-000139,Rapamycin,250840,4,2,2,3
ACH-000139,Retinoic acid,250840,4,2,2,3
ACH-000139,Ribociclib,188130,1,1,0,3
ACH-000139,Temsirolimus,250840,4,2,2,3
ACH-000139,Trametinib,376260,6,2,4,3
ACH-000139,Trametinib (DMSO_TF solvate),188130,3,1,2,3
ACH-000139,Vismodegib,188130,3,1,2,3
ACH-000139,crizotinib,188130,3,1,2,3
ACH-000139,olaparib,250840,4,2,2,3
ACH-000139,palbociclib,188130,3,1,2,3
ACH-000139,venetoclax,188130,3,1,2,3
ACH-000148,5-Azacytidine,188130,3,1,2,3
ACH-000148,5-Fluorouracil,188130,3,1,2,3
ACH-000148,AZD-8055,188130,3,1,2,3
ACH-000148,Afatinib,564390,7,3,4,3
ACH-000148,Alpelisib,188130,3,1,2,3
ACH-000148,Bicalutamide,188130,3,1,2,3
ACH-000148,Bortezomib,188130,3,1,2,3
ACH-000148,Capivasertib,188130,3,1,2,3
ACH-000148,Cytarabine,376260,4,2,2,3
ACH-000148,Dabrafenib,188130,3,1,2,3
ACH-000148,Dinaciclib,188130,3,1,2,3
ACH-000148,Docetaxel,250840,4,2,2,3
ACH-000148,Erlotinib,188130,3,1,2,3
ACH-000148,Fulvestrant,188130,3,1,2,3
ACH-000148,Gefitinib,188130,3,1,2,3
ACH-000148,Gemcitabine,188130,3,1,2,3
ACH-000148,Ipatasertib,188130,3,1,2,3
ACH-000148,Irinotecan,188130,3,1,2,3
ACH-000148,LJI308,188130,3,1,2,3
ACH-000148,Methotrexate,188130,3,1,2,3
ACH-000148,Oxaliplatin,188130,3,1,2,3
ACH-000148,Paclitaxel,188130,3,1,2,3
ACH-000148,Rapamycin,250840,4,2,2,3
ACH-000148,Retinoic acid,250840,4,2,2,3
ACH-000148,Ribociclib,188130,1,1,0,3
ACH-000148,Temsirolimus,250840,4,2,2,3
ACH-000148,Trametinib,376260,6,2,4,3
ACH-000148,Trametinib (DMSO_TF solvate),188130,3,1,2,3
ACH-000148,Vismodegib,188130,3,1,2,3
ACH-000148,crizotinib,188130,3,1,2,3
ACH-000148,olaparib,188130,3,2,1,3
ACH-000148,palbociclib,188130,3,1,2,3
ACH-000148,venetoclax,188130,3,1,2,3
ACH-000164,5-Azacytidine,188130,3,1,2,3
ACH-000164,5-Fluorouracil,188130,3,1,2,3
ACH-000164,AZD-8055,188130,3,1,2,3
ACH-000164,Afatinib,564390,7,3,4,3
ACH-000164,Alpelisib,188130,3,1,2,3
ACH-000164,Bicalutamide,188130,3,1,2,3
ACH-000164,Bortezomib,188130,3,1,2,3
ACH-000164,Capivasertib,188130,3,1,2,3
ACH-000164,Cytarabine,376260,4,2,2,3
ACH-000164,Dabrafenib,188130,3,1,2,3
ACH-000164,Dinaciclib,188130,3,1,2,3
ACH-000164,Docetaxel,250840,4,2,2,3
ACH-000164,Erlotinib,188130,3,1,2,3
ACH-000164,Fulvestrant,188130,3,1,2,3
ACH-000164,Gefitinib,188130,3,1,2,3
ACH-000164,Gemcitabine,188130,3,1,2,3
ACH-000164,Ipatasertib,188130,3,1,2,3
ACH-000164,Irinotecan,188130,3,1,2,3
ACH-000164,LJI308,188130,3,1,2,3
ACH-000164,Methotrexate,188130,3,1,2,3
ACH-000164,Oxaliplatin,188130,3,1,2,3
ACH-000164,Paclitaxel,188130,3,1,2,3
ACH-000164,Rapamycin,250840,4,2,2,3
ACH-000164,Retinoic acid,250840,4,2,2,3
ACH-000164,Ribociclib,188130,1,1,0,3
ACH-000164,Temsirolimus,250840,4,2,2,3
ACH-000164,Trametinib,376260,6,2,4,3
ACH-000164,Trametinib (DMSO_TF solvate),188130,3,1,2,3
ACH-000164,Vismodegib,188130,3,1,2,3
ACH-000164,crizotinib,188130,3,1,2,3
ACH-000164,olaparib,250840,4,2,2,3
ACH-000164,palbociclib,188130,3,1,2,3
ACH-000164,venetoclax,188130,3,1,2,3
ACH-000178,5-Azacytidine,188130,3,1,2,3
ACH-000178,5-Fluorouracil,188130,3,1,2,3
ACH-000178,AZD-8055,188130,3,1,2,3
ACH-000178,Afatinib,564390,7,3,4,3
ACH-000178,Alpelisib,188130,3,1,2,3
ACH-000178,Bicalutamide,188130,3,1,2,3
ACH-000178,Bortezomib,188130,3,1,2,3
ACH-000178,Capivasertib,188130,3,1,2,3
ACH-000178,Cytarabine,376260,4,2,2,3
ACH-000178,Dabrafenib,188130,3,1,2,3
ACH-000178,Dinaciclib,188130,3,1,2,3
ACH-000178,Docetaxel,250840,4,2,2,3
ACH-000178,Erlotinib,188130,3,1,2,3
ACH-000178,Fulvestrant,188130,3,1,2,3
ACH-000178,Gefitinib,188130,3,1,2,3
ACH-000178,Gemcitabine,188130,3,1,2,3
ACH-000178,Ipatasertib,188130,3,1,2,3
ACH-000178,Irinotecan,188130,3,1,2,3
ACH-000178,LJI308,188130,3,1,2,3
ACH-000178,Methotrexate,188130,3,1,2,3
ACH-000178,Oxaliplatin,188130,3,1,2,3
ACH-000178,Paclitaxel,188130,3,1,2,3
ACH-000178,Rapamycin,250840,4,2,2,3
ACH-000178,Retinoic acid,250840,4,2,2,3
ACH-000178,Ribociclib,188130,1,1,0,3
ACH-000178,Temsirolimus,250840,4,2,2,3
ACH-000178,Trametinib,376260,6,2,4,3
ACH-000178,Trametinib (DMSO_TF solvate),188130,3,1,2,3
ACH-000178,Vismodegib,188130,3,1,2,3
ACH-000178,crizotinib,188130,3,1,2,3
ACH-000178,olaparib,250840,4,2,2,3
ACH-000178,palbociclib,188130,3,1,2,3
ACH-000178,venetoclax,188130,3,1,2,3
ACH-000222,5-Azacytidine,188130,3,1,2,3
ACH-000222,5-Fluorouracil,188130,3,1,2,3
ACH-000222,AZD-8055,188130,3,1,2,3
ACH-000222,Afatinib,564390,7,3,4,3
ACH-000222,Alpelisib,188130,3,1,2,3
ACH-000222,Bicalutamide,188130,3,1,2,3
ACH-000222,Bortezomib,188130,3,1,2,3
ACH-000222,Capivasertib,188130,3,1,2,3
ACH-000222,Cytarabine,376260,4,2,2,3
ACH-000222,Dabrafenib,188130,3,1,2,3
ACH-000222,Dinaciclib,188130,3,1,2,3
ACH-000222,Docetaxel,250840,4,2,2,3
ACH-000222,Erlotinib,188130,3,1,2,3
ACH-000222,Fulvestrant,188130,3,1,2,3
ACH-000222,Gefitinib,188130,3,1,2,3
ACH-000222,Gemcitabine,188130,3,1,2,3
ACH-000222,Ipatasertib,188130,3,1,2,3
ACH-000222,Irinotecan,188130,3,1,2,3
ACH-000222,LJI308,188130,3,1,2,3
ACH-000222,Methotrexate,188130,3,1,2,3
ACH-000222,Oxaliplatin,188130,3,1,2,3
ACH-000222,Paclitaxel,188130,3,1,2,3
ACH-000222,Rapamycin,250840,4,2,2,3
ACH-000222,Retinoic acid,250840,4,2,2,3
ACH-000222,Ribociclib,188130,1,1,0,3
ACH-000222,Temsirolimus,250840,4,2,2,3
ACH-000222,Trametinib,376260,6,2,4,3
ACH-000222,Trametinib (DMSO_TF solvate),188130,3,1,2,3
ACH-000222,Vismodegib,188130,3,1,2,3
ACH-000222,crizotinib,188130,3,1,2,3
ACH-000222,olaparib,250840,4,2,2,3
ACH-000222,palbociclib,188130,3,1,2,3
ACH-000222,venetoclax,188130,3,1,2,3
ACH-000236,5-Azacytidine,188130,3,1,2,3
ACH-000236,5-Fluorouracil,188130,3,1,2,3
ACH-000236,AZD-8055,188130,3,1,2,3
ACH-000236,Afatinib,564390,7,3,4,3
ACH-000236,Alpelisib,188130,3,1,2,3
ACH-000236,Bicalutamide,188130,3,1,2,3
ACH-000236,Bortezomib,188130,3,1,2,3
ACH-000236,Capivasertib,188130,3,1,2,3
ACH-000236,Cytarabine,376260,4,2,2,3
ACH-000236,Dabrafenib,188130,3,1,2,3
ACH-000236,Dinaciclib,188130,3,1,2,3
ACH-000236,Docetaxel,250840,4,2,2,3
ACH-000236,Erlotinib,188130,3,1,2,3
ACH-000236,Fulvestrant,188130,3,1,2,3
ACH-000236,Gefitinib,188130,3,1,2,3
ACH-000236,Gemcitabine,188130,3,1,2,3
ACH-000236,Ipatasertib,188130,3,1,2,3
ACH-000236,Irinotecan,188130,3,1,2,3
ACH-000236,LJI308,188130,3,1,2,3
ACH-000236,Methotrexate,188130,3,1,2,3
ACH-000236,Oxaliplatin,188130,3,1,2,3
ACH-000236,Paclitaxel,188130,3,1,2,3
ACH-000236,Rapamycin,250840,4,2,2,3
ACH-000236,Retinoic acid,250840,4,2,2,3
ACH-000236,Ribociclib,188130,1,1,0,3
ACH-000236,Temsirolimus,250840,4,2,2,3
ACH-000236,Trametinib,376260,6,2,4,3
ACH-000236,Trametinib (DMSO_TF solvate),188130,3,1,2,3
ACH-000236,Vismodegib,188130,3,1,2,3
ACH-000236,crizotinib,188130,3,1,2,3
ACH-000236,olaparib,250840,4,2,2,3
ACH-000236,palbociclib,188130,3,1,2,3
ACH-000236,venetoclax,188130,3,1,2,3
ACH-000311,5-Azacytidine,188130,3,1,2,3
ACH-000311,5-Fluorouracil,188130,3,1,2,3
ACH-000311,AZD-8055,188130,3,1,2,3
ACH-000311,Afatinib,564390,7,3,4,3
ACH-000311,Alpelisib,188130,3,1,2,3
ACH-000311,Bicalutamide,188130,3,1,2,3
ACH-000311,Bortezomib,188130,3,1,2,3
ACH-000311,Capivasertib,188130,3,1,2,3
ACH-000311,Cytarabine,376260,4,2,2,3
ACH-000311,Dabrafenib,188130,3,1,2,3
ACH-000311,Dinaciclib,188130,3,1,2,3
ACH-000311,Docetaxel,250840,4,2,2,3
ACH-000311,Erlotinib,188130,3,1,2,3
ACH-000311,Fulvestrant,188130,3,1,2,3
ACH-000311,Gefitinib,188130,3,1,2,3
ACH-000311,Gemcitabine,188130,3,1,2,3
ACH-000311,Ipatasertib,188130,3,1,2,3
ACH-000311,Irinotecan,188130,3,1,2,3
ACH-000311,LJI308,188130,3,1,2,3
ACH-000311,Methotrexate,188130,3,1,2,3
ACH-000311,Oxaliplatin,188130,3,1,2,3
ACH-000311,Paclitaxel,188130,3,1,2,3
ACH-000311,Rapamycin,250840,4,2,2,3
ACH-000311,Retinoic acid,250840,4,2,2,3
ACH-000311,Ribociclib,188130,1,1,0,3
ACH-000311,Temsirolimus,250840,4,2,2,3
ACH-000311,Trametinib,376260,6,2,4,3
ACH-000311,Trametinib (DMSO_TF solvate),188130,3,1,2,3
ACH-000311,Vismodegib,188130,3,1,2,3
ACH-000311,crizotinib,188130,3,1,2,3
ACH-000311,olaparib,188130,3,2,1,3
ACH-000311,palbociclib,188130,3,1,2,3
ACH-000311,venetoclax,188130,3,1,2,3
ACH-000348,5-Azacytidine,188130,3,1,2,3
ACH-000348,5-Fluorouracil,188130,3,1,2,3
ACH-000348,AZD-8055,188130,3,1,2,3
ACH-000348,Afatinib,564390,7,3,4,3
ACH-000348,Alpelisib,188130,3,1,2,3
ACH-000348,Bicalutamide,188130,3,1,2,3
ACH-000348,Bortezomib,188130,3,1,2,3
ACH-000348,Capivasertib,188130,3,1,2,3
ACH-000348,Cytarabine,376260,4,2,2,3
ACH-000348,Dabrafenib,188130,3,1,2,3
ACH-000348,Dinaciclib,188130,3,1,2,3
ACH-000348,Docetaxel,250840,4,2,2,3
ACH-000348,Erlotinib,188130,3,1,2,3
ACH-000348,Fulvestrant,188130,3,1,2,3
ACH-000348,Gefitinib,188130,3,1,2,3
ACH-000348,Gemcitabine,188130,3,1,2,3
ACH-000348,Ipatasertib,188130,3,1,2,3
ACH-000348,Irinotecan,188130,3,1,2,3
ACH-000348,LJI308,188130,3,1,2,3
ACH-000348,Methotrexate,188130,3,1,2,3
ACH-000348,Oxaliplatin,188130,3,1,2,3
ACH-000348,Paclitaxel,188130,3,1,2,3
ACH-000348,Rapamycin,250840,4,2,2,3
ACH-000348,Retinoic acid,250840,4,2,2,3
ACH-000348,Ribociclib,188130,1,1,0,3
ACH-000348,Temsirolimus,250840,4,2,2,3
ACH-000348,Trametinib,376260,6,2,4,3
ACH-000348,Trametinib (DMSO_TF solvate),188130,3,1,2,3
ACH-000348,Vismodegib,188130,3,1,2,3
ACH-000348,crizotinib,188130,3,1,2,3
ACH-000348,olaparib,250840,4,2,2,3
ACH-000348,palbociclib,188130,3,1,2,3
ACH-000348,venetoclax,188130,3,1,2,3
ACH-000389,5-Azacytidine,188130,3,1,2,3
ACH-000389,5-Fluorouracil,188130,3,1,2,3
ACH-000389,AZD-8055,188130,3,1,2,3
ACH-000389,Afatinib,564390,7,3,4,3
ACH-000389,Alpelisib,188130,3,1,2,3
ACH-000389,Bicalutamide,188130,3,1,2,3
ACH-000389,Bortezomib,188130,3,1,2,3
ACH-000389,Capivasertib,188130,3,1,2,3
ACH-000389,Cytarabine,376260,4,2,2,3
ACH-000389,Dabrafenib,188130,3,1,2,3
ACH-000389,Dinaciclib,188130,3,1,2,3
ACH-000389,Docetaxel,250840,4,2,2,3
ACH-000389,Erlotinib,188130,3,1,2,3
ACH-000389,Fulvestrant,188130,3,1,2,3
ACH-000389,Gefitinib,188130,3,1,2,3
ACH-000389,Gemcitabine,188130,3,1,2,3
ACH-000389,Ipatasertib,188130,3,1,2,3
ACH-000389,Irinotecan,188130,3,1,2,3
ACH-000389,LJI308,188130,3,1,2,3
ACH-000389,Methotrexate,188130,3,1,2,3
ACH-000389,Oxaliplatin,188130,3,1,2,3
ACH-000389,Paclitaxel,188130,3,1,2,3
ACH-000389,Rapamycin,250840,4,2,2,3
ACH-000389,Retinoic acid,250840,4,2,2,3
ACH-000389,Ribociclib,188130,1,1,0,3
ACH-000389,Temsirolimus,250840,4,2,2,3
ACH-000389,Trametinib,376260,6,2,4,3
ACH-000389,Trametinib (DMSO_TF solvate),188130,3,1,2,3
ACH-000389,Vismodegib,188130,3,1,2,3
ACH-000389,crizotinib,188130,3,1,2,3
ACH-000389,olaparib,250840,4,2,2,3
ACH-000389,palbociclib,188130,3,1,2,3
ACH-000389,venetoclax,188130,3,1,2,3
ACH-000396,5-Azacytidine,188130,3,1,2,3
ACH-000396,5-Fluorouracil,188130,3,1,2,3
ACH-000396,AZD-8055,188130,3,1,2,3
ACH-000396,Afatinib,564390,7,3,4,3
ACH-000396,Alpelisib,188130,3,1,2,3
ACH-000396,Bicalutamide,188130,3,1,2,3
ACH-000396,Bortezomib,188130,3,1,2,3
ACH-000396,Capivasertib,188130,3,1,2,3
ACH-000396,Cytarabine,376260,4,2,2,3
ACH-000396,Dabrafenib,188130,3,1,2,3
ACH-000396,Dinaciclib,188130,3,1,2,3
ACH-000396,Docetaxel,250840,4,2,2,3
ACH-000396,Erlotinib,188130,3,1,2,3
ACH-000396,Fulvestrant,188130,3,1,2,3
ACH-000396,Gefitinib,188130,3,1,2,3
ACH-000396,Gemcitabine,188130,3,1,2,3
ACH-000396,Ipatasertib,188130,3,1,2,3
ACH-000396,Irinotecan,188130,3,1,2,3
ACH-000396,LJI308,188130,3,1,2,3
ACH-000396,Methotrexate,188130,3,1,2,3
ACH-000396,Oxaliplatin,188130,3,1,2,3
ACH-000396,Paclitaxel,188130,3,1,2,3
ACH-000396,Rapamycin,250840,4,2,2,3
ACH-000396,Retinoic acid,250840,4,2,2,3
ACH-000396,Ribociclib,188130,1,1,0,3
ACH-000396,Temsirolimus,250840,4,2,2,3
ACH-000396,Trametinib,376260,6,2,4,3
ACH-000396,Trametinib (DMSO_TF solvate),188130,3,1,2,3
ACH-000396,Vismodegib,188130,3,1,2,3
ACH-000396,crizotinib,188130,3,1,2,3
ACH-000396,olaparib,250840,4,2,2,3
ACH-000396,palbociclib,188130,3,1,2,3
ACH-000396,venetoclax,188130,3,1,2,3
ACH-000437,5-Azacytidine,188130,3,1,2,3
ACH-000437,5-Fluorouracil,188130,3,1,2,3
ACH-000437,AZD-8055,188130,3,1,2,3
ACH-000437,Afatinib,564390,7,3,4,3
ACH-000437,Alpelisib,188130,3,1,2,3
ACH-000437,Bicalutamide,188130,3,1,2,3
ACH-000437,Bortezomib,188130,3,1,2,3
ACH-000437,Capivasertib,188130,3,1,2,3
ACH-000437,Cytarabine,376260,4,2,2,3
ACH-000437,Dabrafenib,188130,3,1,2,3
ACH-000437,Dinaciclib,188130,3,1,2,3
ACH-000437,Docetaxel,250840,4,2,2,3
ACH-000437,Erlotinib,188130,3,1,2,3
ACH-000437,Fulvestrant,188130,3,1,2,3
ACH-000437,Gefitinib,188130,3,1,2,3
ACH-000437,Gemcitabine,188130,3,1,2,3
ACH-000437,Ipatasertib,188130,3,1,2,3
ACH-000437,Irinotecan,188130,3,1,2,3
ACH-000437,LJI308,188130,3,1,2,3
ACH-000437,Methotrexate,188130,3,1,2,3
ACH-000437,Oxaliplatin,188130,3,1,2,3
ACH-000437,Paclitaxel,188130,3,1,2,3
ACH-000437,Rapamycin,250840,4,2,2,3
ACH-000437,Retinoic acid,250840,4,2,2,3
ACH-000437,Ribociclib,188130,1,1,0,3
ACH-000437,Temsirolimus,250840,4,2,2,3
ACH-000437,Trametinib,376260,6,2,4,3
ACH-000437,Trametinib (DMSO_TF solvate),188130,3,1,2,3
ACH-000437,Vismodegib,188130,3,1,2,3
ACH-000437,crizotinib,188130,3,1,2,3
ACH-000437,olaparib,250840,4,2,2,3
ACH-000437,palbociclib,188130,3,1,2,3
ACH-000437,venetoclax,188130,3,1,2,3
ACH-000463,5-Azacytidine,188130,3,1,2,3
ACH-000463,5-Fluorouracil,188130,3,1,2,3
ACH-000463,AZD-8055,188130,3,1,2,3
ACH-000463,Afatinib,564390,7,3,4,3
ACH-000463,Alpelisib,188130,3,1,2,3
ACH-000463,Bicalutamide,188130,3,1,2,3
ACH-000463,Bortezomib,188130,3,1,2,3
ACH-000463,Capivasertib,188130,3,1,2,3
ACH-000463,Cytarabine,376260,4,2,2,3
ACH-000463,Dabrafenib,188130,3,1,2,3
ACH-000463,Dinaciclib,188130,3,1,2,3
ACH-000463,Docetaxel,250840,4,2,2,3
ACH-000463,Erlotinib,188130,3,1,2,3
ACH-000463,Fulvestrant,188130,3,1,2,3
ACH-000463,Gefitinib,188130,3,1,2,3
ACH-000463,Gemcitabine,188130,3,1,2,3
ACH-000463,Ipatasertib,188130,3,1,2,3
ACH-000463,Irinotecan,188130,3,1,2,3
ACH-000463,LJI308,188130,3,1,2,3
ACH-000463,Methotrexate,188130,3,1,2,3
ACH-000463,Oxaliplatin,188130,3,1,2,3
ACH-000463,Paclitaxel,188130,3,1,2,3
ACH-000463,Rapamycin,250840,4,2,2,3
ACH-000463,Retinoic acid,250840,4,2,2,3
ACH-000463,Ribociclib,188130,1,1,0,3
ACH-000463,Temsirolimus,250840,4,2,2,3
ACH-000463,Trametinib,376260,6,2,4,3
ACH-000463,Trametinib (DMSO_TF solvate),188130,3,1,2,3
ACH-000463,Vismodegib,188130,3,1,2,3
ACH-000463,crizotinib,188130,3,1,2,3
ACH-000463,olaparib,250840,4,2,2,3
ACH-000463,palbociclib,188130,3,1,2,3
ACH-000463,venetoclax,188130,3,1,2,3
ACH-000493,5-Azacytidine,188130,3,1,2,3
ACH-000493,5-Fluorouracil,188130,3,1,2,3
ACH-000493,AZD-8055,188130,3,1,2,3
ACH-000493,Afatinib,564390,7,3,4,3
ACH-000493,Alpelisib,188130,3,1,2,3
ACH-000493,Bicalutamide,188130,3,1,2,3
ACH-000493,Bortezomib,188130,3,1,2,3
ACH-000493,Capivasertib,188130,3,1,2,3
ACH-000493,Cytarabine,376260,4,2,2,3
ACH-000493,Dabrafenib,188130,3,1,2,3
ACH-000493,Dinaciclib,188130,3,1,2,3
ACH-000493,Docetaxel,250840,4,2,2,3
ACH-000493,Erlotinib,188130,3,1,2,3
ACH-000493,Fulvestrant,188130,3,1,2,3
ACH-000493,Gefitinib,188130,3,1,2,3
ACH-000493,Gemcitabine,188130,3,1,2,3
ACH-000493,Ipatasertib,188130,3,1,2,3
ACH-000493,Irinotecan,188130,3,1,2,3
ACH-000493,LJI308,188130,3,1,2,3
ACH-000493,Methotrexate,188130,3,1,2,3
ACH-000493,Oxaliplatin,188130,3,1,2,3
ACH-000493,Paclitaxel,188130,3,1,2,3
ACH-000493,Rapamycin,250840,4,2,2,3
ACH-000493,Retinoic acid,250840,4,2,2,3
ACH-000493,Ribociclib,188130,1,1,0,3
ACH-000493,Temsirolimus,250840,4,2,2,3
ACH-000493,Trametinib,376260,6,2,4,3
ACH-000493,Trametinib (DMSO_TF solvate),188130,3,1,2,3
ACH-000493,Vismodegib,188130,3,1,2,3
ACH-000493,crizotinib,188130,3,1,2,3
ACH-000493,olaparib,250840,4,2,2,3
ACH-000493,palbociclib,188130,3,1,2,3
ACH-000493,venetoclax,188130,3,1,2,3
ACH-000496,5-Azacytidine,188130,3,1,2,3
ACH-000496,5-Fluorouracil,188130,3,1,2,3
ACH-000496,AZD-8055,188130,3,1,2,3
ACH-000496,Afatinib,564390,7,3,4,3
ACH-000496,Alpelisib,188130,3,1,2,3
ACH-000496,Bicalutamide,188130,3,1,2,3
ACH-000496,Bortezomib,188130,3,1,2,3
ACH-000496,Capivasertib,188130,3,1,2,3
ACH-000496,Cytarabine,376260,4,2,2,3
ACH-000496,Dabrafenib,188130,3,1,2,3
ACH-000496,Dinaciclib,188130,3,1,2,3
ACH-000496,Docetaxel,250840,4,2,2,3
ACH-000496,Erlotinib,188130,3,1,2,3
ACH-000496,Fulvestrant,188130,3,1,2,3
ACH-000496,Gefitinib,188130,3,1,2,3
ACH-000496,Gemcitabine,188130,3,1,2,3
ACH-000496,Ipatasertib,188130,3,1,2,3
ACH-000496,Irinotecan,188130,3,1,2,3
ACH-000496,LJI308,188130,3,1,2,3
ACH-000496,Methotrexate,188130,3,1,2,3
ACH-000496,Oxaliplatin,188130,3,1,2,3
ACH-000496,Paclitaxel,188130,3,1,2,3
ACH-000496,Rapamycin,250840,4,2,2,3
ACH-000496,Retinoic acid,250840,4,2,2,3
ACH-000496,Ribociclib,188130,1,1,0,3
ACH-000496,Temsirolimus,250840,4,2,2,3
ACH-000496,Trametinib,376260,6,2,4,3
ACH-000496,Trametinib (DMSO_TF solvate),188130,3,1,2,3
ACH-000496,Vismodegib,188130,3,1,2,3
ACH-000496,crizotinib,188130,3,1,2,3
ACH-000496,olaparib,188130,3,2,1,3
ACH-000496,palbociclib,188130,3,1,2,3
ACH-000496,venetoclax,188130,3,1,2,3
ACH-000521,5-Azacytidine,188130,3,1,2,3
ACH-000521,5-Fluorouracil,188130,3,1,2,3
ACH-000521,AZD-8055,188130,3,1,2,3
ACH-000521,Afatinib,564390,7,3,4,3
ACH-000521,Alpelisib,188130,3,1,2,3
ACH-000521,Bicalutamide,188130,3,1,2,3
ACH-000521,Bortezomib,188130,3,1,2,3
ACH-000521,Capivasertib,188130,3,1,2,3
ACH-000521,Cytarabine,376260,4,2,2,3
ACH-000521,Dabrafenib,188130,3,1,2,3
ACH-000521,Dinaciclib,188130,3,1,2,3
ACH-000521,Docetaxel,250840,4,2,2,3
ACH-000521,Erlotinib,188130,3,1,2,3
ACH-000521,Fulvestrant,188130,3,1,2,3
ACH-000521,Gefitinib,188130,3,1,2,3
ACH-000521,Gemcitabine,188130,3,1,2,3
ACH-000521,Ipatasertib,188130,3,1,2,3
ACH-000521,Irinotecan,188130,3,1,2,3
ACH-000521,LJI308,188130,3,1,2,3
ACH-000521,Methotrexate,188130,3,1,2,3
ACH-000521,Oxaliplatin,188130,3,1,2,3
ACH-000521,Paclitaxel,188130,3,1,2,3
ACH-000521,Rapamycin,250840,4,2,2,3
ACH-000521,Retinoic acid,250840,4,2,2,3
ACH-000521,Ribociclib,188130,1,1,0,3
ACH-000521,Temsirolimus,250840,4,2,2,3
ACH-000521,Trametinib,376260,6,2,4,3
ACH-000521,Trametinib (DMSO_TF solvate),188130,3,1,2,3
ACH-000521,Vismodegib,188130,3,1,2,3
ACH-000521,crizotinib,188130,3,1,2,3
ACH-000521,olaparib,250840,4,2,2,3
ACH-000521,palbociclib,188130,3,1,2,3
ACH-000521,venetoclax,188130,3,1,2,3
ACH-000552,5-Azacytidine,188130,3,1,2,3
ACH-000552,5-Fluorouracil,188130,3,1,2,3
ACH-000552,AZD-8055,188130,3,1,2,3
ACH-000552,Afatinib,564390,7,3,4,3
ACH-000552,Alpelisib,188130,3,1,2,3
ACH-000552,Bicalutamide,188130,3,1,2,3
ACH-000552,Bortezomib,188130,3,1,2,3
ACH-000552,Capivasertib,188130,3,1,2,3
ACH-000552,Cytarabine,376260,4,2,2,3
ACH-000552,Dabrafenib,188130,3,1,2,3
ACH-000552,Dinaciclib,188130,3,1,2,3
ACH-000552,Docetaxel,250840,4,2,2,3
ACH-000552,Erlotinib,188130,3,1,2,3
ACH-000552,Fulvestrant,188130,3,1,2,3
ACH-000552,Gefitinib,188130,3,1,2,3
ACH-000552,Gemcitabine,188130,3,1,2,3
ACH-000552,Ipatasertib,188130,3,1,2,3
ACH-000552,Irinotecan,188130,3,1,2,3
ACH-000552,LJI308,188130,3,1,2,3
ACH-000552,Methotrexate,188130,3,1,2,3
ACH-000552,Oxaliplatin,188130,3,1,2,3
ACH-000552,Paclitaxel,188130,3,1,2,3
ACH-000552,Rapamycin,250840,4,2,2,3
ACH-000552,Retinoic acid,250840,4,2,2,3
ACH-000552,Ribociclib,188130,1,1,0,3
ACH-000552,Temsirolimus,250840,4,2,2,3
ACH-000552,Trametinib,376260,6,2,4,3
ACH-000552,Trametinib (DMSO_TF solvate),188130,3,1,2,3
ACH-000552,Vismodegib,188130,3,1,2,3
ACH-000552,crizotinib,188130,3,1,2,3
ACH-000552,olaparib,250840,4,2,2,3
ACH-000552,palbociclib,188130,3,1,2,3
ACH-000552,venetoclax,188130,3,1,2,3
ACH-000555,5-Azacytidine,188130,3,1,2,3
ACH-000555,5-Fluorouracil,188130,3,1,2,3
ACH-000555,AZD-8055,188130,3,1,2,3
ACH-000555,Afatinib,564390,7,3,4,3
ACH-000555,Alpelisib,188130,3,1,2,3
ACH-000555,Bicalutamide,188130,3,1,2,3
ACH-000555,Bortezomib,188130,3,1,2,3
ACH-000555,Capivasertib,188130,3,1,2,3
ACH-000555,Cytarabine,376260,4,2,2,3
ACH-000555,Dabrafenib,188130,3,1,2,3
ACH-000555,Dinaciclib,188130,3,1,2,3
ACH-000555,Docetaxel,250840,4,2,2,3
ACH-000555,Erlotinib,188130,3,1,2,3
ACH-000555,Fulvestrant,188130,3,1,2,3
ACH-000555,Gefitinib,188130,3,1,2,3
ACH-000555,Gemcitabine,188130,3,1,2,3
ACH-000555,Ipatasertib,188130,3,1,2,3
ACH-000555,Irinotecan,188130,3,1,2,3
ACH-000555,LJI308,188130,3,1,2,3
ACH-000555,Methotrexate,188130,3,1,2,3
ACH-000555,Oxaliplatin,188130,3,1,2,3
ACH-000555,Paclitaxel,188130,3,1,2,3
ACH-000555,Rapamycin,250840,4,2,2,3
ACH-000555,Retinoic acid,250840,4,2,2,3
ACH-000555,Ribociclib,188130,1,1,0,3
ACH-000555,Temsirolimus,250840,4,2,2,3
ACH-000555,Trametinib,376260,6,2,4,3
ACH-000555,Trametinib (DMSO_TF solvate),188130,3,1,2,3
ACH-000555,Vismodegib,188130,3,1,2,3
ACH-000555,crizotinib,188130,3,1,2,3
ACH-000555,olaparib,250840,4,2,2,3
ACH-000555,palbociclib,188130,3,1,2,3
ACH-000555,venetoclax,188130,3,1,2,3
ACH-000558,5-Azacytidine,188130,3,1,2,3
ACH-000558,5-Fluorouracil,188130,3,1,2,3
ACH-000558,AZD-8055,188130,3,1,2,3
ACH-000558,Afatinib,564390,7,3,4,3
ACH-000558,Alpelisib,188130,3,1,2,3
ACH-000558,Bicalutamide,188130,3,1,2,3
ACH-000558,Bortezomib,188130,3,1,2,3
ACH-000558,Capivasertib,188130,3,1,2,3
ACH-000558,Cytarabine,376260,4,2,2,3
ACH-000558,Dabrafenib,188130,3,1,2,3
ACH-000558,Dinaciclib,188130,3,1,2,3
ACH-000558,Docetaxel,250840,4,2,2,3
ACH-000558,Erlotinib,188130,3,1,2,3
ACH-000558,Fulvestrant,188130,3,1,2,3
ACH-000558,Gefitinib,188130,3,1,2,3
ACH-000558,Gemcitabine,188130,3,1,2,3
ACH-000558,Ipatasertib,188130,3,1,2,3
ACH-000558,Irinotecan,188130,3,1,2,3
ACH-000558,LJI308,188130,3,1,2,3
ACH-000558,Methotrexate,188130,3,1,2,3
ACH-000558,Oxaliplatin,188130,3,1,2,3
ACH-000558,Paclitaxel,188130,3,1,2,3
ACH-000558,Rapamycin,250840,4,2,2,3
ACH-000558,Retinoic acid,250840,4,2,2,3
ACH-000558,Ribociclib,188130,1,1,0,3
ACH-000558,Temsirolimus,250840,4,2,2,3
ACH-000558,Trametinib,376260,6,2,4,3
ACH-000558,Trametinib (DMSO_TF solvate),188130,3,1,2,3
ACH-000558,Vismodegib,188130,3,1,2,3
ACH-000558,crizotinib,188130,3,1,2,3
ACH-000558,olaparib,188130,3,2,1,3
ACH-000558,palbociclib,188130,3,1,2,3
ACH-000558,venetoclax,188130,3,1,2,3
ACH-000580,5-Azacytidine,188130,3,1,2,3
ACH-000580,5-Fluorouracil,188130,3,1,2,3
ACH-000580,AZD-8055,188130,3,1,2,3
ACH-000580,Afatinib,564390,7,3,4,3
ACH-000580,Alpelisib,188130,3,1,2,3
ACH-000580,Bicalutamide,188130,3,1,2,3
ACH-000580,Bortezomib,188130,3,1,2,3
ACH-000580,Capivasertib,188130,3,1,2,3
ACH-000580,Cytarabine,376260,4,2,2,3
ACH-000580,Dabrafenib,188130,3,1,2,3
ACH-000580,Dinaciclib,188130,3,1,2,3
ACH-000580,Docetaxel,250840,4,2,2,3
ACH-000580,Erlotinib,188130,3,1,2,3
ACH-000580,Fulvestrant,188130,3,1,2,3
ACH-000580,Gefitinib,188130,3,1,2,3
ACH-000580,Gemcitabine,188130,3,1,2,3
ACH-000580,Ipatasertib,188130,3,1,2,3
ACH-000580,Irinotecan,188130,3,1,2,3
ACH-000580,LJI308,188130,3,1,2,3
ACH-000580,Methotrexate,188130,3,1,2,3
ACH-000580,Oxaliplatin,188130,3,1,2,3
ACH-000580,Paclitaxel,188130,3,1,2,3
ACH-000580,Rapamycin,250840,4,2,2,3
ACH-000580,Retinoic acid,250840,4,2,2,3
ACH-000580,Ribociclib,188130,1,1,0,3
ACH-000580,Temsirolimus,250840,4,2,2,3
ACH-000580,Trametinib,376260,6,2,4,3
ACH-000580,Trametinib (DMSO_TF solvate),188130,3,1,2,3
ACH-000580,Vismodegib,188130,3,1,2,3
ACH-000580,crizotinib,188130,3,1,2,3
ACH-000580,olaparib,250840,4,2,2,3
ACH-000580,palbociclib,188130,3,1,2,3
ACH-000580,venetoclax,188130,3,1,2,3
ACH-000601,5-Azacytidine,188130,3,1,2,3
ACH-000601,5-Fluorouracil,188130,3,1,2,3
ACH-000601,AZD-8055,188130,3,1,2,3
ACH-000601,Afatinib,564390,7,3,4,3
ACH-000601,Alpelisib,188130,3,1,2,3
ACH-000601,Bicalutamide,188130,3,1,2,3
ACH-000601,Bortezomib,188130,3,1,2,3
ACH-000601,Capivasertib,188130,3,1,2,3
ACH-000601,Cytarabine,376260,4,2,2,3
ACH-000601,Dabrafenib,188130,3,1,2,3
ACH-000601,Dinaciclib,188130,3,1,2,3
ACH-000601,Docetaxel,250840,4,2,2,3
ACH-000601,Erlotinib,188130,3,1,2,3
ACH-000601,Fulvestrant,188130,3,1,2,3
ACH-000601,Gefitinib,188130,3,1,2,3
ACH-000601,Gemcitabine,188130,3,1,2,3
ACH-000601,Ipatasertib,188130,3,1,2,3
ACH-000601,Irinotecan,188130,3,1,2,3
ACH-000601,LJI308,188130,3,1,2,3
ACH-000601,Methotrexate,188130,3,1,2,3
ACH-000601,Oxaliplatin,188130,3,1,2,3
ACH-000601,Paclitaxel,188130,3,1,2,3
ACH-000601,Rapamycin,250840,4,2,2,3
ACH-000601,Retinoic acid,250840,4,2,2,3
ACH-000601,Ribociclib,188130,1,1,0,3
ACH-000601,Temsirolimus,250840,4,2,2,3
ACH-000601,Trametinib,376260,6,2,4,3
ACH-000601,Trametinib (DMSO_TF solvate),188130,3,1,2,3
ACH-000601,Vismodegib,188130,3,1,2,3
ACH-000601,crizotinib,188130,3,1,2,3
ACH-000601,olaparib,188130,3,2,1,3
ACH-000601,palbociclib,188130,3,1,2,3
ACH-000601,venetoclax,188130,3,1,2,3
ACH-000628,5-Azacytidine,188130,3,1,2,3
ACH-000628,5-Fluorouracil,188130,3,1,2,3
ACH-000628,AZD-8055,188130,3,1,2,3
ACH-000628,Afatinib,564390,7,3,4,3
ACH-000628,Alpelisib,188130,3,1,2,3
ACH-000628,Bicalutamide,188130,3,1,2,3
ACH-000628,Bortezomib,188130,3,1,2,3
ACH-000628,Capivasertib,188130,3,1,2,3
ACH-000628,Cytarabine,376260,4,2,2,3
ACH-000628,Dabrafenib,188130,3,1,2,3
ACH-000628,Dinaciclib,188130,3,1,2,3
ACH-000628,Docetaxel,250840,4,2,2,3
ACH-000628,Erlotinib,188130,3,1,2,3
ACH-000628,Fulvestrant,188130,3,1,2,3
ACH-000628,Gefitinib,188130,3,1,2,3
ACH-000628,Gemcitabine,188130,3,1,2,3
ACH-000628,Ipatasertib,188130,3,1,2,3
ACH-000628,Irinotecan,188130,3,1,2,3
ACH-000628,LJI308,188130,3,1,2,3
ACH-000628,Methotrexate,188130,3,1,2,3
ACH-000628,Oxaliplatin,188130,3,1,2,3
ACH-000628,Paclitaxel,188130,3,1,2,3
ACH-000628,Rapamycin,250840,4,2,2,3
ACH-000628,Retinoic acid,250840,4,2,2,3
ACH-000628,Ribociclib,188130,1,1,0,3
ACH-000628,Temsirolimus,250840,4,2,2,3
ACH-000628,Trametinib,376260,6,2,4,3
ACH-000628,Trametinib (DMSO_TF solvate),188130,3,1,2,3
ACH-000628,Vismodegib,188130,3,1,2,3
ACH-000628,crizotinib,188130,3,1,2,3
ACH-000628,olaparib,188130,3,2,1,3
ACH-000628,palbociclib,188130,3,1,2,3
ACH-000628,venetoclax,188130,3,1,2,3
ACH-000669,5-Azacytidine,188130,3,1,2,3
ACH-000669,5-Fluorouracil,188130,3,1,2,3
ACH-000669,AZD-8055,188130,3,1,2,3
ACH-000669,Afatinib,564390,7,3,4,3
ACH-000669,Alpelisib,188130,3,1,2,3
ACH-000669,Bicalutamide,188130,3,1,2,3
ACH-000669,Bortezomib,188130,3,1,2,3
ACH-000669,Capivasertib,188130,3,1,2,3
ACH-000669,Cytarabine,376260,4,2,2,3
ACH-000669,Dabrafenib,188130,3,1,2,3
ACH-000669,Dinaciclib,188130,3,1,2,3
ACH-000669,Docetaxel,250840,4,2,2,3
ACH-000669,Erlotinib,188130,3,1,2,3
ACH-000669,Fulvestrant,188130,3,1,2,3
ACH-000669,Gefitinib,188130,3,1,2,3
ACH-000669,Gemcitabine,188130,3,1,2,3
ACH-000669,Ipatasertib,188130,3,1,2,3
ACH-000669,Irinotecan,188130,3,1,2,3
ACH-000669,LJI308,188130,3,1,2,3
ACH-000669,Methotrexate,188130,3,1,2,3
ACH-000669,Oxaliplatin,188130,3,1,2,3
ACH-000669,Paclitaxel,188130,3,1,2,3
ACH-000669,Rapamycin,250840,4,2,2,3
ACH-000669,Retinoic acid,250840,4,2,2,3
ACH-000669,Ribociclib,188130,1,1,0,3
ACH-000669,Temsirolimus,250840,4,2,2,3
ACH-000669,Trametinib,376260,6,2,4,3
ACH-000669,Trametinib (DMSO_TF solvate),188130,3,1,2,3
ACH-000669,Vismodegib,188130,3,1,2,3
ACH-000669,crizotinib,188130,3,1,2,3
ACH-000669,olaparib,250840,4,2,2,3
ACH-000669,palbociclib,188130,3,1,2,3
ACH-000669,venetoclax,188130,3,1,2,3
ACH-000681,5-Azacytidine,188130,3,1,2,3
ACH-000681,5-Fluorouracil,188130,3,1,2,3
ACH-000681,AZD-8055,188130,3,1,2,3
ACH-000681,Afatinib,564390,7,3,4,3
ACH-000681,Alpelisib,188130,3,1,2,3
ACH-000681,Bicalutamide,188130,3,1,2,3
ACH-000681,Bortezomib,188130,3,1,2,3
ACH-000681,Capivasertib,188130,3,1,2,3
ACH-000681,Cytarabine,376260,4,2,2,3
ACH-000681,Dabrafenib,188130,3,1,2,3
ACH-000681,Dinaciclib,188130,3,1,2,3
ACH-000681,Docetaxel,250840,4,2,2,3
ACH-000681,Erlotinib,188130,3,1,2,3
ACH-000681,Fulvestrant,188130,3,1,2,3
ACH-000681,Gefitinib,188130,3,1,2,3
ACH-000681,Gemcitabine,188130,3,1,2,3
ACH-000681,Ipatasertib,188130,3,1,2,3
ACH-000681,Irinotecan,188130,3,1,2,3
ACH-000681,LJI308,188130,3,1,2,3
ACH-000681,Methotrexate,188130,3,1,2,3
ACH-000681,Oxaliplatin,188130,3,1,2,3
ACH-000681,Paclitaxel,188130,3,1,2,3
ACH-000681,Rapamycin,250840,4,2,2,3
ACH-000681,Retinoic acid,250840,4,2,2,3
ACH-000681,Ribociclib,188130,1,1,0,3
ACH-000681,Temsirolimus,250840,4,2,2,3
ACH-000681,Trametinib,376260,6,2,4,3
ACH-000681,Trametinib (DMSO_TF solvate),188130,3,1,2,3
ACH-000681,Vismodegib,188130,3,1,2,3
ACH-000681,crizotinib,188130,3,1,2,3
ACH-000681,olaparib,250840,4,2,2,3
ACH-000681,palbociclib,188130,3,1,2,3
ACH-000681,venetoclax,188130,3,1,2,3
ACH-000750,5-Azacytidine,188130,3,1,2,3
ACH-000750,5-Fluorouracil,188130,3,1,2,3
ACH-000750,AZD-8055,188130,3,1,2,3
ACH-000750,Afatinib,564390,7,3,4,3
ACH-000750,Alpelisib,188130,3,1,2,3
ACH-000750,Bicalutamide,188130,3,1,2,3
ACH-000750,Bortezomib,188130,3,1,2,3
ACH-000750,Capivasertib,188130,3,1,2,3
ACH-000750,Cytarabine,376260,4,2,2,3
ACH-000750,Dabrafenib,188130,3,1,2,3
ACH-000750,Dinaciclib,188130,3,1,2,3
ACH-000750,Docetaxel,250840,4,2,2,3
ACH-000750,Erlotinib,188130,3,1,2,3
ACH-000750,Fulvestrant,188130,3,1,2,3
ACH-000750,Gefitinib,188130,3,1,2,3
ACH-000750,Gemcitabine,188130,3,1,2,3
ACH-000750,Ipatasertib,188130,3,1,2,3
ACH-000750,Irinotecan,188130,3,1,2,3
ACH-000750,LJI308,188130,3,1,2,3
ACH-000750,Methotrexate,188130,3,1,2,3
ACH-000750,Oxaliplatin,188130,3,1,2,3
ACH-000750,Paclitaxel,188130,3,1,2,3
ACH-000750,Rapamycin,250840,4,2,2,3
ACH-000750,Retinoic acid,250840,4,2,2,3
ACH-000750,Ribociclib,188130,1,1,0,3
ACH-000750,Temsirolimus,250840,4,2,2,3
ACH-000750,Trametinib,376260,6,2,4,3
ACH-000750,Trametinib (DMSO_TF solvate),188130,3,1,2,3
ACH-000750,Vismodegib,188130,3,1,2,3
ACH-000750,crizotinib,188130,3,1,2,3
ACH-000750,olaparib,250840,4,2,2,3
ACH-000750,palbociclib,188130,3,1,2,3
ACH-000750,venetoclax,188130,3,1,2,3
ACH-000757,5-Azacytidine,188130,3,1,2,3
ACH-000757,5-Fluorouracil,188130,3,1,2,3
ACH-000757,AZD-8055,188130,3,1,2,3
ACH-000757,Afatinib,564390,7,3,4,3
ACH-000757,Alpelisib,188130,3,1,2,3
ACH-000757,Bicalutamide,188130,3,1,2,3
ACH-000757,Bortezomib,188130,3,1,2,3
ACH-000757,Capivasertib,188130,3,1,2,3
ACH-000757,Cytarabine,376260,4,2,2,3
ACH-000757,Dabrafenib,188130,3,1,2,3
ACH-000757,Dinaciclib,188130,3,1,2,3
ACH-000757,Docetaxel,250840,4,2,2,3
ACH-000757,Erlotinib,188130,3,1,2,3
ACH-000757,Fulvestrant,188130,3,1,2,3
ACH-000757,Gefitinib,188130,3,1,2,3
ACH-000757,Gemcitabine,188130,3,1,2,3
ACH-000757,Ipatasertib,188130,3,1,2,3
ACH-000757,Irinotecan,188130,3,1,2,3
ACH-000757,LJI308,188130,3,1,2,3
ACH-000757,Methotrexate,188130,3,1,2,3
ACH-000757,Oxaliplatin,188130,3,1,2,3
ACH-000757,Paclitaxel,188130,3,1,2,3
ACH-000757,Rapamycin,250840,4,2,2,3
ACH-000757,Retinoic acid,250840,4,2,2,3
ACH-000757,Ribociclib,188130,1,1,0,3
ACH-000757,Temsirolimus,250840,4,2,2,3
ACH-000757,Trametinib,376260,6,2,4,3
ACH-000757,Trametinib (DMSO_TF solvate),188130,3,1,2,3
ACH-000757,Vismodegib,188130,3,1,2,3
ACH-000757,crizotinib,188130,3,1,2,3
ACH-000757,olaparib,250840,4,2,2,3
ACH-000757,palbociclib,188130,3,1,2,3
ACH-000757,venetoclax,188130,3,1,2,3
ACH-000790,5-Azacytidine,188130,3,1,2,3
ACH-000790,5-Fluorouracil,188130,3,1,2,3
ACH-000790,AZD-8055,188130,3,1,2,3
ACH-000790,Afatinib,564390,7,3,4,3
ACH-000790,Alpelisib,188130,3,1,2,3
ACH-000790,Bicalutamide,188130,3,1,2,3
ACH-000790,Bortezomib,188130,3,1,2,3
ACH-000790,Capivasertib,188130,3,1,2,3
ACH-000790,Cytarabine,376260,4,2,2,3
ACH-000790,Dabrafenib,188130,3,1,2,3
ACH-000790,Dinaciclib,188130,3,1,2,3
ACH-000790,Docetaxel,250840,4,2,2,3
ACH-000790,Erlotinib,188130,3,1,2,3
ACH-000790,Fulvestrant,188130,3,1,2,3
ACH-000790,Gefitinib,188130,3,1,2,3
ACH-000790,Gemcitabine,188130,3,1,2,3
ACH-000790,Ipatasertib,188130,3,1,2,3
ACH-000790,Irinotecan,188130,3,1,2,3
ACH-000790,LJI308,188130,3,1,2,3
ACH-000790,Methotrexate,188130,3,1,2,3
ACH-000790,Oxaliplatin,188130,3,1,2,3
ACH-000790,Paclitaxel,188130,3,1,2,3
ACH-000790,Rapamycin,250840,4,2,2,3
ACH-000790,Retinoic acid,250840,4,2,2,3
ACH-000790,Ribociclib,188130,1,1,0,3
ACH-000790,Temsirolimus,250840,4,2,2,3
ACH-000790,Trametinib,376260,6,2,4,3
ACH-000790,Trametinib (DMSO_TF solvate),188130,3,1,2,3
ACH-000790,Vismodegib,188130,3,1,2,3
ACH-000790,crizotinib,188130,3,1,2,3
ACH-000790,olaparib,250840,4,2,2,3
ACH-000790,palbociclib,188130,3,1,2,3
ACH-000790,venetoclax,188130,3,1,2,3
ACH-000793,5-Azacytidine,188130,3,1,2,3
ACH-000793,5-Fluorouracil,188130,3,1,2,3
ACH-000793,AZD-8055,188130,3,1,2,3
ACH-000793,Afatinib,564390,7,3,4,3
ACH-000793,Alpelisib,188130,3,1,2,3
ACH-000793,Bicalutamide,188130,3,1,2,3
ACH-000793,Bortezomib,188130,3,1,2,3
ACH-000793,Capivasertib,188130,3,1,2,3
ACH-000793,Cytarabine,376260,4,2,2,3
ACH-000793,Dabrafenib,188130,3,1,2,3
ACH-000793,Dinaciclib,188130,3,1,2,3
ACH-000793,Docetaxel,250840,4,2,2,3
ACH-000793,Erlotinib,188130,3,1,2,3
ACH-000793,Fulvestrant,188130,3,1,2,3
ACH-000793,Gefitinib,188130,3,1,2,3
ACH-000793,Gemcitabine,188130,3,1,2,3
ACH-000793,Ipatasertib,188130,3,1,2,3
ACH-000793,Irinotecan,188130,3,1,2,3
ACH-000793,LJI308,188130,3,1,2,3
ACH-000793,Methotrexate,188130,3,1,2,3
ACH-000793,Oxaliplatin,188130,3,1,2,3
ACH-000793,Paclitaxel,188130,3,1,2,3
ACH-000793,Rapamycin,250840,4,2,2,3
ACH-000793,Retinoic acid,250840,4,2,2,3
ACH-000793,Ribociclib,188130,1,1,0,3
ACH-000793,Temsirolimus,250840,4,2,2,3
ACH-000793,Trametinib,376260,6,2,4,3
ACH-000793,Trametinib (DMSO_TF solvate),188130,3,1,2,3
ACH-000793,Vismodegib,188130,3,1,2,3
ACH-000793,crizotinib,188130,3,1,2,3
ACH-000793,olaparib,250840,4,2,2,3
ACH-000793,palbociclib,188130,3,1,2,3
ACH-000793,venetoclax,188130,3,1,2,3
ACH-000842,5-Azacytidine,188130,3,1,2,3
ACH-000842,5-Fluorouracil,188130,3,1,2,3
ACH-000842,AZD-8055,188130,3,1,2,3
ACH-000842,Afatinib,564390,7,3,4,3
ACH-000842,Alpelisib,188130,3,1,2,3
ACH-000842,Bicalutamide,188130,3,1,2,3
ACH-000842,Bortezomib,188130,3,1,2,3
ACH-000842,Capivasertib,188130,3,1,2,3
ACH-000842,Cytarabine,376260,4,2,2,3
ACH-000842,Dabrafenib,188130,3,1,2,3
ACH-000842,Dinaciclib,188130,3,1,2,3
ACH-000842,Docetaxel,250840,4,2,2,3
ACH-000842,Erlotinib,188130,3,1,2,3
ACH-000842,Fulvestrant,188130,3,1,2,3
ACH-000842,Gefitinib,188130,3,1,2,3
ACH-000842,Gemcitabine,188130,3,1,2,3
ACH-000842,Ipatasertib,188130,3,1,2,3
ACH-000842,Irinotecan,188130,3,1,2,3
ACH-000842,LJI308,188130,3,1,2,3
ACH-000842,Methotrexate,188130,3,1,2,3
ACH-000842,Oxaliplatin,188130,3,1,2,3
ACH-000842,Paclitaxel,188130,3,1,2,3
ACH-000842,Rapamycin,250840,4,2,2,3
ACH-000842,Retinoic acid,250840,4,2,2,3
ACH-000842,Ribociclib,188130,1,1,0,3
ACH-000842,Temsirolimus,250840,4,2,2,3
ACH-000842,Trametinib,376260,6,2,4,3
ACH-000842,Trametinib (DMSO_TF solvate),188130,3,1,2,3
ACH-000842,Vismodegib,188130,3,1,2,3
ACH-000842,crizotinib,188130,3,1,2,3
ACH-000842,olaparib,250840,4,2,2,3
ACH-000842,palbociclib,188130,3,1,2,3
ACH-000842,venetoclax,188130,3,1,2,3
ACH-000853,5-Azacytidine,188130,3,1,2,3
ACH-000853,5-Fluorouracil,188130,3,1,2,3
ACH-000853,AZD-8055,188130,3,1,2,3
ACH-000853,Afatinib,564390,7,3,4,3
ACH-000853,Alpelisib,188130,3,1,2,3
ACH-000853,Bicalutamide,188130,3,1,2,3
ACH-000853,Bortezomib,188130,3,1,2,3
ACH-000853,Capivasertib,188130,3,1,2,3
ACH-000853,Cytarabine,376260,4,2,2,3
ACH-000853,Dabrafenib,188130,3,1,2,3
ACH-000853,Dinaciclib,188130,3,1,2,3
ACH-000853,Docetaxel,250840,4,2,2,3
ACH-000853,Erlotinib,188130,3,1,2,3
ACH-000853,Fulvestrant,188130,3,1,2,3
ACH-000853,Gefitinib,188130,3,1,2,3
ACH-000853,Gemcitabine,188130,3,1,2,3
ACH-000853,Ipatasertib,188130,3,1,2,3
ACH-000853,Irinotecan,188130,3,1,2,3
ACH-000853,LJI308,188130,3,1,2,3
ACH-000853,Methotrexate,188130,3,1,2,3
ACH-000853,Oxaliplatin,188130,3,1,2,3
ACH-000853,Paclitaxel,188130,3,1,2,3
ACH-000853,Rapamycin,250840,4,2,2,3
ACH-000853,Retinoic acid,250840,4,2,2,3
ACH-000853,Ribociclib,188130,1,1,0,3
ACH-000853,Temsirolimus,250840,4,2,2,3
ACH-000853,Trametinib,376260,6,2,4,3
ACH-000853,Trametinib (DMSO_TF solvate),188130,3,1,2,3
ACH-000853,Vismodegib,188130,3,1,2,3
ACH-000853,crizotinib,188130,3,1,2,3
ACH-000853,olaparib,188130,3,2,1,3
ACH-000853,palbociclib,188130,3,1,2,3
ACH-000853,venetoclax,188130,3,1,2,3
ACH-000861,5-Azacytidine,188130,3,1,2,3
ACH-000861,5-Fluorouracil,188130,3,1,2,3
ACH-000861,AZD-8055,188130,3,1,2,3
ACH-000861,Afatinib,564390,7,3,4,3
ACH-000861,Alpelisib,188130,3,1,2,3
ACH-000861,Bicalutamide,188130,3,1,2,3
ACH-000861,Bortezomib,188130,3,1,2,3
ACH-000861,Capivasertib,188130,3,1,2,3
ACH-000861,Cytarabine,376260,4,2,2,3
ACH-000861,Dabrafenib,188130,3,1,2,3
ACH-000861,Dinaciclib,188130,3,1,2,3
ACH-000861,Docetaxel,250840,4,2,2,3
ACH-000861,Erlotinib,188130,3,1,2,3
ACH-000861,Fulvestrant,188130,3,1,2,3
ACH-000861,Gefitinib,188130,3,1,2,3
ACH-000861,Gemcitabine,188130,3,1,2,3
ACH-000861,Ipatasertib,188130,3,1,2,3
ACH-000861,Irinotecan,188130,3,1,2,3
ACH-000861,LJI308,188130,3,1,2,3
ACH-000861,Methotrexate,188130,3,1,2,3
ACH-000861,Oxaliplatin,188130,3,1,2,3
ACH-000861,Paclitaxel,188130,3,1,2,3
ACH-000861,Rapamycin,250840,4,2,2,3
ACH-000861,Retinoic acid,250840,4,2,2,3
ACH-000861,Ribociclib,188130,1,1,0,3
ACH-000861,Temsirolimus,250840,4,2,2,3
ACH-000861,Trametinib,376260,6,2,4,3
ACH-000861,Trametinib (DMSO_TF solvate),188130,3,1,2,3
ACH-000861,Vismodegib,188130,3,1,2,3
ACH-000861,crizotinib,188130,3,1,2,3
ACH-000861,olaparib,250840,4,2,2,3
ACH-000861,palbociclib,188130,3,1,2,3
ACH-000861,venetoclax,188130,3,1,2,3
ACH-000875,5-Azacytidine,188130,3,1,2,3
ACH-000875,5-Fluorouracil,188130,3,1,2,3
ACH-000875,AZD-8055,188130,3,1,2,3
ACH-000875,Afatinib,564390,7,3,4,3
ACH-000875,Alpelisib,188130,3,1,2,3
ACH-000875,Bicalutamide,188130,3,1,2,3
ACH-000875,Bortezomib,188130,3,1,2,3
ACH-000875,Capivasertib,188130,3,1,2,3
ACH-000875,Cytarabine,376260,4,2,2,3
ACH-000875,Dabrafenib,188130,3,1,2,3
ACH-000875,Dinaciclib,188130,3,1,2,3
ACH-000875,Docetaxel,250840,4,2,2,3
ACH-000875,Erlotinib,188130,3,1,2,3
ACH-000875,Fulvestrant,188130,3,1,2,3
ACH-000875,Gefitinib,188130,3,1,2,3
ACH-000875,Gemcitabine,188130,3,1,2,3
ACH-000875,Ipatasertib,188130,3,1,2,3
ACH-000875,Irinotecan,188130,3,1,2,3
ACH-000875,LJI308,188130,3,1,2,3
ACH-000875,Methotrexate,188130,3,1,2,3
ACH-000875,Oxaliplatin,188130,3,1,2,3
ACH-000875,Paclitaxel,188130,3,1,2,3
ACH-000875,Rapamycin,250840,4,2,2,3
ACH-000875,Retinoic acid,250840,4,2,2,3
ACH-000875,Ribociclib,188130,1,1,0,3
ACH-000875,Temsirolimus,250840,4,2,2,3
ACH-000875,Trametinib,376260,6,2,4,3
ACH-000875,Trametinib (DMSO_TF solvate),188130,3,1,2,3
ACH-000875,Vismodegib,188130,3,1,2,3
ACH-000875,crizotinib,188130,3,1,2,3
ACH-000875,olaparib,188130,3,2,1,3
ACH-000875,palbociclib,188130,3,1,2,3
ACH-000875,venetoclax,188130,3,1,2,3
ACH-000890,5-Azacytidine,188130,3,1,2,3
ACH-000890,5-Fluorouracil,188130,3,1,2,3
ACH-000890,AZD-8055,188130,3,1,2,3
ACH-000890,Afatinib,564390,7,3,4,3
ACH-000890,Alpelisib,188130,3,1,2,3
ACH-000890,Bicalutamide,188130,3,1,2,3
ACH-000890,Bortezomib,188130,3,1,2,3
ACH-000890,Capivasertib,188130,3,1,2,3
ACH-000890,Cytarabine,376260,4,2,2,3
ACH-000890,Dabrafenib,188130,3,1,2,3
ACH-000890,Dinaciclib,188130,3,1,2,3
ACH-000890,Docetaxel,250840,4,2,2,3
ACH-000890,Erlotinib,188130,3,1,2,3
ACH-000890,Fulvestrant,188130,3,1,2,3
ACH-000890,Gefitinib,188130,3,1,2,3
ACH-000890,Gemcitabine,188130,3,1,2,3
ACH-000890,Ipatasertib,188130,3,1,2,3
ACH-000890,Irinotecan,188130,3,1,2,3
ACH-000890,LJI308,188130,3,1,2,3
ACH-000890,Methotrexate,188130,3,1,2,3
ACH-000890,Oxaliplatin,188130,3,1,2,3
ACH-000890,Paclitaxel,188130,3,1,2,3
ACH-000890,Rapamycin,250840,4,2,2,3
ACH-000890,Retinoic acid,250840,4,2,2,3
ACH-000890,Ribociclib,188130,1,1,0,3
ACH-000890,Temsirolimus,250840,4,2,2,3
ACH-000890,Trametinib,376260,6,2,4,3
ACH-000890,Trametinib (DMSO_TF solvate),188130,3,1,2,3
ACH-000890,Vismodegib,188130,3,1,2,3
ACH-000890,crizotinib,188130,3,1,2,3
ACH-000890,olaparib,188130,3,2,1,3
ACH-000890,palbociclib,188130,3,1,2,3
ACH-000890,venetoclax,188130,3,1,2,3
ACH-000900,5-Azacytidine,188130,3,1,2,3
ACH-000900,5-Fluorouracil,188130,3,1,2,3
ACH-000900,AZD-8055,188130,3,1,2,3
ACH-000900,Afatinib,564390,7,3,4,3
ACH-000900,Alpelisib,188130,3,1,2,3
ACH-000900,Bicalutamide,188130,3,1,2,3
ACH-000900,Bortezomib,188130,3,1,2,3
ACH-000900,Capivasertib,188130,3,1,2,3
ACH-000900,Cytarabine,376260,4,2,2,3
ACH-000900,Dabrafenib,188130,3,1,2,3
ACH-000900,Dinaciclib,188130,3,1,2,3
ACH-000900,Docetaxel,250840,4,2,2,3
ACH-000900,Erlotinib,188130,3,1,2,3
ACH-000900,Fulvestrant,188130,3,1,2,3
ACH-000900,Gefitinib,188130,3,1,2,3
ACH-000900,Gemcitabine,188130,3,1,2,3
ACH-000900,Ipatasertib,188130,3,1,2,3
ACH-000900,Irinotecan,188130,3,1,2,3
ACH-000900,LJI308,188130,3,1,2,3
ACH-000900,Methotrexate,188130,3,1,2,3
ACH-000900,Oxaliplatin,188130,3,1,2,3
ACH-000900,Paclitaxel,188130,3,1,2,3
ACH-000900,Rapamycin,250840,4,2,2,3
ACH-000900,Retinoic acid,250840,4,2,2,3
ACH-000900,Ribociclib,188130,1,1,0,3
ACH-000900,Temsirolimus,250840,4,2,2,3
ACH-000900,Trametinib,376260,6,2,4,3
ACH-000900,Trametinib (DMSO_TF solvate),188130,3,1,2,3
ACH-000900,Vismodegib,188130,3,1,2,3
ACH-000900,crizotinib,188130,3,1,2,3
ACH-000900,olaparib,250840,4,2,2,3
ACH-000900,palbociclib,188130,3,1,2,3
ACH-000900,venetoclax,188130,3,1,2,3
ACH-000916,5-Azacytidine,188130,3,1,2,3
ACH-000916,5-Fluorouracil,188130,3,1,2,3
ACH-000916,AZD-8055,188130,3,1,2,3
ACH-000916,Afatinib,564390,7,3,4,3
ACH-000916,Alpelisib,188130,3,1,2,3
ACH-000916,Bicalutamide,188130,3,1,2,3
ACH-000916,Bortezomib,188130,3,1,2,3
ACH-000916,Capivasertib,188130,3,1,2,3
ACH-000916,Cytarabine,376260,4,2,2,3
ACH-000916,Dabrafenib,188130,3,1,2,3
ACH-000916,Dinaciclib,188130,3,1,2,3
ACH-000916,Docetaxel,250840,4,2,2,3
ACH-000916,Erlotinib,188130,3,1,2,3
ACH-000916,Fulvestrant,188130,3,1,2,3
ACH-000916,Gefitinib,188130,3,1,2,3
ACH-000916,Gemcitabine,188130,3,1,2,3
ACH-000916,Ipatasertib,188130,3,1,2,3
ACH-000916,Irinotecan,188130,3,1,2,3
ACH-000916,LJI308,188130,3,1,2,3
ACH-000916,Methotrexate,188130,3,1,2,3
ACH-000916,Oxaliplatin,188130,3,1,2,3
ACH-000916,Paclitaxel,188130,3,1,2,3
ACH-000916,Rapamycin,250840,4,2,2,3
ACH-000916,Retinoic acid,250840,4,2,2,3
ACH-000916,Ribociclib,188130,1,1,0,3
ACH-000916,Temsirolimus,250840,4,2,2,3
ACH-000916,Trametinib,376260,6,2,4,3
ACH-000916,Trametinib (DMSO_TF solvate),188130,3,1,2,3
ACH-000916,Vismodegib,188130,3,1,2,3
ACH-000916,crizotinib,188130,3,1,2,3
ACH-000916,olaparib,250840,4,2,2,3
ACH-000916,palbociclib,188130,3,1,2,3
ACH-000916,venetoclax,188130,3,1,2,3
ACH-000927,5-Azacytidine,188130,3,1,2,3
ACH-000927,5-Fluorouracil,188130,3,1,2,3
ACH-000927,AZD-8055,188130,3,1,2,3
ACH-000927,Afatinib,564390,7,3,4,3
ACH-000927,Alpelisib,188130,3,1,2,3
ACH-000927,Bicalutamide,188130,3,1,2,3
ACH-000927,Bortezomib,188130,3,1,2,3
ACH-000927,Capivasertib,188130,3,1,2,3
ACH-000927,Cytarabine,376260,4,2,2,3
ACH-000927,Dabrafenib,188130,3,1,2,3
ACH-000927,Dinaciclib,188130,3,1,2,3
ACH-000927,Docetaxel,250840,4,2,2,3
ACH-000927,Erlotinib,188130,3,1,2,3
ACH-000927,Fulvestrant,188130,3,1,2,3
ACH-000927,Gefitinib,188130,3,1,2,3
ACH-000927,Gemcitabine,188130,3,1,2,3
ACH-000927,Ipatasertib,188130,3,1,2,3
ACH-000927,Irinotecan,188130,3,1,2,3
ACH-000927,LJI308,188130,3,1,2,3
ACH-000927,Methotrexate,188130,3,1,2,3
ACH-000927,Oxaliplatin,188130,3,1,2,3
ACH-000927,Paclitaxel,188130,3,1,2,3
ACH-000927,Rapamycin,250840,4,2,2,3
ACH-000927,Retinoic acid,250840,4,2,2,3
ACH-000927,Ribociclib,188130,1,1,0,3
ACH-000927,Temsirolimus,250840,4,2,2,3
ACH-000927,Trametinib,376260,6,2,4,3
ACH-000927,Trametinib (DMSO_TF solvate),188130,3,1,2,3
ACH-000927,Vismodegib,188130,3,1,2,3
ACH-000927,crizotinib,188130,3,1,2,3
ACH-000927,olaparib,250840,4,2,2,3
ACH-000927,palbociclib,188130,3,1,2,3
ACH-000927,venetoclax,188130,3,1,2,3
ACH-000932,5-Azacytidine,188130,3,1,2,3
ACH-000932,5-Fluorouracil,188130,3,1,2,3
ACH-000932,AZD-8055,188130,3,1,2,3
ACH-000932,Afatinib,564390,7,3,4,3
ACH-000932,Alpelisib,188130,3,1,2,3
ACH-000932,Bicalutamide,188130,3,1,2,3
ACH-000932,Bortezomib,188130,3,1,2,3
ACH-000932,Capivasertib,188130,3,1,2,3
ACH-000932,Cytarabine,376260,4,2,2,3
ACH-000932,Dabrafenib,188130,3,1,2,3
ACH-000932,Dinaciclib,188130,3,1,2,3
ACH-000932,Docetaxel,250840,4,2,2,3
ACH-000932,Erlotinib,188130,3,1,2,3
ACH-000932,Fulvestrant,188130,3,1,2,3
ACH-000932,Gefitinib,188130,3,1,2,3
ACH-000932,Gemcitabine,188130,3,1,2,3
ACH-000932,Ipatasertib,188130,3,1,2,3
ACH-000932,Irinotecan,188130,3,1,2,3
ACH-000932,LJI308,188130,3,1,2,3
ACH-000932,Methotrexate,188130,3,1,2,3
ACH-000932,Oxaliplatin,188130,3,1,2,3
ACH-000932,Paclitaxel,188130,3,1,2,3
ACH-000932,Rapamycin,250840,4,2,2,3
ACH-000932,Retinoic acid,250840,4,2,2,3
ACH-000932,Ribociclib,188130,1,1,0,3
ACH-000932,Temsirolimus,250840,4,2,2,3
ACH-000932,Trametinib,376260,6,2,4,3
ACH-000932,Trametinib (DMSO_TF solvate),188130,3,1,2,3
ACH-000932,Vismodegib,188130,3,1,2,3
ACH-000932,crizotinib,188130,3,1,2,3
ACH-000932,olaparib,188130,3,2,1,3
ACH-000932,palbociclib,188130,3,1,2,3
ACH-000932,venetoclax,188130,3,1,2,3
ACH-000940,5-Azacytidine,188130,3,1,2,3
ACH-000940,5-Fluorouracil,188130,3,1,2,3
ACH-000940,AZD-8055,188130,3,1,2,3
ACH-000940,Afatinib,564390,7,3,4,3
ACH-000940,Alpelisib,188130,3,1,2,3
ACH-000940,Bicalutamide,188130,3,1,2,3
ACH-000940,Bortezomib,188130,3,1,2,3
ACH-000940,Capivasertib,188130,3,1,2,3
ACH-000940,Cytarabine,376260,4,2,2,3
ACH-000940,Dabrafenib,188130,3,1,2,3
ACH-000940,Dinaciclib,188130,3,1,2,3
ACH-000940,Docetaxel,250840,4,2,2,3
ACH-000940,Erlotinib,188130,3,1,2,3
ACH-000940,Fulvestrant,188130,3,1,2,3
ACH-000940,Gefitinib,188130,3,1,2,3
ACH-000940,Gemcitabine,188130,3,1,2,3
ACH-000940,Ipatasertib,188130,3,1,2,3
ACH-000940,Irinotecan,188130,3,1,2,3
ACH-000940,LJI308,188130,3,1,2,3
ACH-000940,Methotrexate,188130,3,1,2,3
ACH-000940,Oxaliplatin,188130,3,1,2,3
ACH-000940,Paclitaxel,188130,3,1,2,3
ACH-000940,Rapamycin,250840,4,2,2,3
ACH-000940,Retinoic acid,250840,4,2,2,3
ACH-000940,Ribociclib,188130,1,1,0,3
ACH-000940,Temsirolimus,250840,4,2,2,3
ACH-000940,Trametinib,376260,6,2,4,3
ACH-000940,Trametinib (DMSO_TF solvate),188130,3,1,2,3
ACH-000940,Vismodegib,188130,3,1,2,3
ACH-000940,crizotinib,188130,3,1,2,3
ACH-000940,olaparib,250840,4,2,2,3
ACH-000940,palbociclib,188130,3,1,2,3
ACH-000940,venetoclax,188130,3,1,2,3
ACH-000943,5-Azacytidine,188130,3,1,2,3
ACH-000943,5-Fluorouracil,188130,3,1,2,3
ACH-000943,AZD-8055,188130,3,1,2,3
ACH-000943,Afatinib,564390,7,3,4,3
ACH-000943,Alpelisib,188130,3,1,2,3
ACH-000943,Bicalutamide,188130,3,1,2,3
ACH-000943,Bortezomib,188130,3,1,2,3
ACH-000943,Capivasertib,188130,3,1,2,3
ACH-000943,Cytarabine,376260,4,2,2,3
ACH-000943,Dabrafenib,188130,3,1,2,3
ACH-000943,Dinaciclib,188130,3,1,2,3
ACH-000943,Docetaxel,250840,4,2,2,3
ACH-000943,Erlotinib,188130,3,1,2,3
ACH-000943,Fulvestrant,188130,3,1,2,3
ACH-000943,Gefitinib,188130,3,1,2,3
ACH-000943,Gemcitabine,188130,3,1,2,3
ACH-000943,Ipatasertib,188130,3,1,2,3
ACH-000943,Irinotecan,188130,3,1,2,3
ACH-000943,LJI308,188130,3,1,2,3
ACH-000943,Methotrexate,188130,3,1,2,3
ACH-000943,Oxaliplatin,188130,3,1,2,3
ACH-000943,Paclitaxel,188130,3,1,2,3
ACH-000943,Rapamycin,250840,4,2,2,3
ACH-000943,Retinoic acid,250840,4,2,2,3
ACH-000943,Ribociclib,188130,1,1,0,3
ACH-000943,Temsirolimus,250840,4,2,2,3
ACH-000943,Trametinib,376260,6,2,4,3
ACH-000943,Trametinib (DMSO_TF solvate),188130,3,1,2,3
ACH-000943,Vismodegib,188130,3,1,2,3
ACH-000943,crizotinib,188130,3,1,2,3
ACH-000943,olaparib,250840,4,2,2,3
ACH-000943,palbociclib,188130,3,1,2,3
ACH-000943,venetoclax,188130,3,1,2,3
ACH-000950,5-Azacytidine,188130,3,1,2,3
ACH-000950,5-Fluorouracil,188130,3,1,2,3
ACH-000950,AZD-8055,188130,3,1,2,3
ACH-000950,Afatinib,564390,7,3,4,3
ACH-000950,Alpelisib,188130,3,1,2,3
ACH-000950,Bicalutamide,188130,3,1,2,3
ACH-000950,Bortezomib,188130,3,1,2,3
ACH-000950,Capivasertib,188130,3,1,2,3
ACH-000950,Cytarabine,376260,4,2,2,3
ACH-000950,Dabrafenib,188130,3,1,2,3
ACH-000950,Dinaciclib,188130,3,1,2,3
ACH-000950,Docetaxel,250840,4,2,2,3
ACH-000950,Erlotinib,188130,3,1,2,3
ACH-000950,Fulvestrant,188130,3,1,2,3
ACH-000950,Gefitinib,188130,3,1,2,3
ACH-000950,Gemcitabine,188130,3,1,2,3
ACH-000950,Ipatasertib,188130,3,1,2,3
ACH-000950,Irinotecan,188130,3,1,2,3
ACH-000950,LJI308,188130,3,1,2,3
ACH-000950,Methotrexate,188130,3,1,2,3
ACH-000950,Oxaliplatin,188130,3,1,2,3
ACH-000950,Paclitaxel,188130,3,1,2,3
ACH-000950,Rapamycin,250840,4,2,2,3
ACH-000950,Retinoic acid,250840,4,2,2,3
ACH-000950,Ribociclib,188130,1,1,0,3
ACH-000950,Temsirolimus,250840,4,2,2,3
ACH-000950,Trametinib,376260,6,2,4,3
ACH-000950,Trametinib (DMSO_TF solvate),188130,3,1,2,3
ACH-000950,Vismodegib,188130,3,1,2,3
ACH-000950,crizotinib,188130,3,1,2,3
ACH-000950,olaparib,250840,4,2,2,3
ACH-000950,palbociclib,188130,3,1,2,3
ACH-000950,venetoclax,188130,3,1,2,3
ACH-000954,5-Azacytidine,188130,3,1,2,3
ACH-000954,5-Fluorouracil,188130,3,1,2,3
ACH-000954,AZD-8055,188130,3,1,2,3
ACH-000954,Afatinib,564390,7,3,4,3
ACH-000954,Alpelisib,188130,3,1,2,3
ACH-000954,Bicalutamide,188130,3,1,2,3
ACH-000954,Bortezomib,188130,3,1,2,3
ACH-000954,Capivasertib,188130,3,1,2,3
ACH-000954,Cytarabine,376260,4,2,2,3
ACH-000954,Dabrafenib,188130,3,1,2,3
ACH-000954,Dinaciclib,188130,3,1,2,3
ACH-000954,Docetaxel,250840,4,2,2,3
ACH-000954,Erlotinib,188130,3,1,2,3
ACH-000954,Fulvestrant,188130,3,1,2,3
ACH-000954,Gefitinib,188130,3,1,2,3
ACH-000954,Gemcitabine,188130,3,1,2,3
ACH-000954,Ipatasertib,188130,3,1,2,3
ACH-000954,Irinotecan,188130,3,1,2,3
ACH-000954,LJI308,188130,3,1,2,3
ACH-000954,Methotrexate,188130,3,1,2,3
ACH-000954,Oxaliplatin,188130,3,1,2,3
ACH-000954,Paclitaxel,188130,3,1,2,3
ACH-000954,Rapamycin,250840,4,2,2,3
ACH-000954,Retinoic acid,250840,4,2,2,3
ACH-000954,Ribociclib,188130,1,1,0,3
ACH-000954,Temsirolimus,250840,4,2,2,3
ACH-000954,Trametinib,376260,6,2,4,3
ACH-000954,Trametinib (DMSO_TF solvate),188130,3,1,2,3
ACH-000954,Vismodegib,188130,3,1,2,3
ACH-000954,crizotinib,188130,3,1,2,3
ACH-000954,olaparib,250840,4,2,2,3
ACH-000954,palbociclib,188130,3,1,2,3
ACH-000954,venetoclax,188130,3,1,2,3
ACH-000957,5-Azacytidine,188130,3,1,2,3
ACH-000957,5-Fluorouracil,188130,3,1,2,3
ACH-000957,AZD-8055,188130,3,1,2,3
ACH-000957,Afatinib,564390,7,3,4,3
ACH-000957,Alpelisib,188130,3,1,2,3
ACH-000957,Bicalutamide,188130,3,1,2,3
ACH-000957,Bortezomib,188130,3,1,2,3
ACH-000957,Capivasertib,188130,3,1,2,3
ACH-000957,Cytarabine,376260,4,2,2,3
ACH-000957,Dabrafenib,188130,3,1,2,3
ACH-000957,Dinaciclib,188130,3,1,2,3
ACH-000957,Docetaxel,250840,4,2,2,3
ACH-000957,Erlotinib,188130,3,1,2,3
ACH-000957,Fulvestrant,188130,3,1,2,3
ACH-000957,Gefitinib,188130,3,1,2,3
ACH-000957,Gemcitabine,188130,3,1,2,3
ACH-000957,Ipatasertib,188130,3,1,2,3
ACH-000957,Irinotecan,188130,3,1,2,3
ACH-000957,LJI308,188130,3,1,2,3
ACH-000957,Methotrexate,188130,3,1,2,3
ACH-000957,Oxaliplatin,188130,3,1,2,3
ACH-000957,Paclitaxel,188130,3,1,2,3
ACH-000957,Rapamycin,250840,4,2,2,3
ACH-000957,Retinoic acid,250840,4,2,2,3
ACH-000957,Ribociclib,188130,1,1,0,3
ACH-000957,Temsirolimus,250840,4,2,2,3
ACH-000957,Trametinib,376260,6,2,4,3
ACH-000957,Trametinib (DMSO_TF solvate),188130,3,1,2,3
ACH-000957,Vismodegib,188130,3,1,2,3
ACH-000957,crizotinib,188130,3,1,2,3
ACH-000957,olaparib,250840,4,2,2,3
ACH-000957,palbociclib,188130,3,1,2,3
ACH-000957,venetoclax,188130,3,1,2,3
ACH-000958,5-Azacytidine,188130,3,1,2,3
ACH-000958,5-Fluorouracil,188130,3,1,2,3
ACH-000958,AZD-8055,188130,3,1,2,3
ACH-000958,Afatinib,564390,7,3,4,3
ACH-000958,Alpelisib,188130,3,1,2,3
ACH-000958,Bicalutamide,188130,3,1,2,3
ACH-000958,Bortezomib,188130,3,1,2,3
ACH-000958,Capivasertib,188130,3,1,2,3
ACH-000958,Cytarabine,376260,4,2,2,3
ACH-000958,Dabrafenib,188130,3,1,2,3
ACH-000958,Dinaciclib,188130,3,1,2,3
ACH-000958,Docetaxel,250840,4,2,2,3
ACH-000958,Erlotinib,188130,3,1,2,3
ACH-000958,Fulvestrant,188130,3,1,2,3
ACH-000958,Gefitinib,188130,3,1,2,3
ACH-000958,Gemcitabine,188130,3,1,2,3
ACH-000958,Ipatasertib,188130,3,1,2,3
ACH-000958,Irinotecan,188130,3,1,2,3
ACH-000958,LJI308,188130,3,1,2,3
ACH-000958,Methotrexate,188130,3,1,2,3
ACH-000958,Oxaliplatin,188130,3,1,2,3
ACH-000958,Paclitaxel,188130,3,1,2,3
ACH-000958,Rapamycin,250840,4,2,2,3
ACH-000958,Retinoic acid,250840,4,2,2,3
ACH-000958,Ribociclib,188130,1,1,0,3
ACH-000958,Temsirolimus,250840,4,2,2,3
ACH-000958,Trametinib,376260,6,2,4,3
ACH-000958,Trametinib (DMSO_TF solvate),188130,3,1,2,3
ACH-000958,Vismodegib,188130,3,1,2,3
ACH-000958,crizotinib,188130,3,1,2,3
ACH-000958,olaparib,250840,4,2,2,3
ACH-000958,palbociclib,188130,3,1,2,3
ACH-000958,venetoclax,188130,3,1,2,3
ACH-000997,5-Azacytidine,188130,3,1,2,3
ACH-000997,5-Fluorouracil,188130,3,1,2,3
ACH-000997,AZD-8055,188130,3,1,2,3
ACH-000997,Afatinib,564390,7,3,4,3
ACH-000997,Alpelisib,188130,3,1,2,3
ACH-000997,Bicalutamide,188130,3,1,2,3
ACH-000997,Bortezomib,188130,3,1,2,3
ACH-000997,Capivasertib,188130,3,1,2,3
ACH-000997,Cytarabine,376260,4,2,2,3
ACH-000997,Dabrafenib,188130,3,1,2,3
ACH-000997,Dinaciclib,188130,3,1,2,3
ACH-000997,Docetaxel,250840,4,2,2,3
ACH-000997,Erlotinib,188130,3,1,2,3
ACH-000997,Fulvestrant,188130,3,1,2,3
ACH-000997,Gefitinib,188130,3,1,2,3
ACH-000997,Gemcitabine,188130,3,1,2,3
ACH-000997,Ipatasertib,188130,3,1,2,3
ACH-000997,Irinotecan,188130,3,1,2,3
ACH-000997,LJI308,188130,3,1,2,3
ACH-000997,Methotrexate,188130,3,1,2,3
ACH-000997,Oxaliplatin,188130,3,1,2,3
ACH-000997,Paclitaxel,188130,3,1,2,3
ACH-000997,Rapamycin,250840,4,2,2,3
ACH-000997,Retinoic acid,250840,4,2,2,3
ACH-000997,Ribociclib,188130,1,1,0,3
ACH-000997,Temsirolimus,250840,4,2,2,3
ACH-000997,Trametinib,376260,6,2,4,3
ACH-000997,Trametinib (DMSO_TF solvate),188130,3,1,2,3
ACH-000997,Vismodegib,188130,3,1,2,3
ACH-000997,crizotinib,188130,3,1,2,3
ACH-000997,olaparib,250840,4,2,2,3
ACH-000997,palbociclib,188130,3,1,2,3
ACH-000997,venetoclax,188130,3,1,2,3
ACH-001021,5-Azacytidine,188130,3,1,2,3
ACH-001021,5-Fluorouracil,188130,3,1,2,3
ACH-001021,AZD-8055,188130,3,1,2,3
ACH-001021,Afatinib,564390,7,3,4,3
ACH-001021,Alpelisib,188130,3,1,2,3
ACH-001021,Bicalutamide,188130,3,1,2,3
ACH-001021,Bortezomib,188130,3,1,2,3
ACH-001021,Capivasertib,188130,3,1,2,3
ACH-001021,Cytarabine,376260,4,2,2,3
ACH-001021,Dabrafenib,188130,3,1,2,3
ACH-001021,Dinaciclib,188130,3,1,2,3
ACH-001021,Docetaxel,250840,4,2,2,3
ACH-001021,Erlotinib,188130,3,1,2,3
ACH-001021,Fulvestrant,188130,3,1,2,3
ACH-001021,Gefitinib,188130,3,1,2,3
ACH-001021,Gemcitabine,188130,3,1,2,3
ACH-001021,Ipatasertib,188130,3,1,2,3
ACH-001021,Irinotecan,188130,3,1,2,3
ACH-001021,LJI308,188130,3,1,2,3
ACH-001021,Methotrexate,188130,3,1,2,3
ACH-001021,Oxaliplatin,188130,3,1,2,3
ACH-001021,Paclitaxel,188130,3,1,2,3
ACH-001021,Rapamycin,250840,4,2,2,3
ACH-001021,Retinoic acid,250840,4,2,2,3
ACH-001021,Ribociclib,188130,1,1,0,3
ACH-001021,Temsirolimus,250840,4,2,2,3
ACH-001021,Trametinib,376260,6,2,4,3
ACH-001021,Trametinib (DMSO_TF solvate),188130,3,1,2,3
ACH-001021,Vismodegib,188130,3,1,2,3
ACH-001021,crizotinib,188130,3,1,2,3
ACH-001021,olaparib,250840,4,2,2,3
ACH-001021,palbociclib,188130,3,1,2,3
ACH-001021,venetoclax,188130,3,1,2,3
ACH-001039,5-Azacytidine,188130,3,1,2,3
ACH-001039,5-Fluorouracil,188130,3,1,2,3
ACH-001039,AZD-8055,188130,3,1,2,3
ACH-001039,Afatinib,564390,7,3,4,3
ACH-001039,Alpelisib,188130,3,1,2,3
ACH-001039,Bicalutamide,188130,3,1,2,3
ACH-001039,Bortezomib,188130,3,1,2,3
ACH-001039,Capivasertib,188130,3,1,2,3
ACH-001039,Cytarabine,376260,4,2,2,3
ACH-001039,Dabrafenib,188130,3,1,2,3
ACH-001039,Dinaciclib,188130,3,1,2,3
ACH-001039,Docetaxel,250840,4,2,2,3
ACH-001039,Erlotinib,188130,3,1,2,3
ACH-001039,Fulvestrant,188130,3,1,2,3
ACH-001039,Gefitinib,188130,3,1,2,3
ACH-001039,Gemcitabine,188130,3,1,2,3
ACH-001039,Ipatasertib,188130,3,1,2,3
ACH-001039,Irinotecan,188130,3,1,2,3
ACH-001039,LJI308,188130,3,1,2,3
ACH-001039,Methotrexate,188130,3,1,2,3
ACH-001039,Oxaliplatin,188130,3,1,2,3
ACH-001039,Paclitaxel,188130,3,1,2,3
ACH-001039,Rapamycin,250840,4,2,2,3
ACH-001039,Retinoic acid,250840,4,2,2,3
ACH-001039,Ribociclib,188130,1,1,0,3
ACH-001039,Temsirolimus,250840,4,2,2,3
ACH-001039,Trametinib,376260,6,2,4,3
ACH-001039,Trametinib (DMSO_TF solvate),188130,3,1,2,3
ACH-001039,Vismodegib,188130,3,1,2,3
ACH-001039,crizotinib,188130,3,1,2,3
ACH-001039,olaparib,250840,4,2,2,3
ACH-001039,palbociclib,188130,3,1,2,3
ACH-001039,venetoclax,188130,3,1,2,3
ACH-001190,5-Azacytidine,188130,3,1,2,3
ACH-001190,5-Fluorouracil,188130,3,1,2,3
ACH-001190,AZD-8055,188130,3,1,2,3
ACH-001190,Afatinib,564390,7,3,4,3
ACH-001190,Alpelisib,188130,3,1,2,3
ACH-001190,Bicalutamide,188130,3,1,2,3
ACH-001190,Bortezomib,188130,3,1,2,3
ACH-001190,Capivasertib,188130,3,1,2,3
ACH-001190,Cytarabine,376260,4,2,2,3
ACH-001190,Dabrafenib,188130,3,1,2,3
ACH-001190,Dinaciclib,188130,3,1,2,3
ACH-001190,Docetaxel,250840,4,2,2,3
ACH-001190,Erlotinib,188130,3,1,2,3
ACH-001190,Fulvestrant,188130,3,1,2,3
ACH-001190,Gefitinib,188130,3,1,2,3
ACH-001190,Gemcitabine,188130,3,1,2,3
ACH-001190,Ipatasertib,188130,3,1,2,3
ACH-001190,Irinotecan,188130,3,1,2,3
ACH-001190,LJI308,188130,3,1,2,3
ACH-001190,Methotrexate,188130,3,1,2,3
ACH-001190,Oxaliplatin,188130,3,1,2,3
ACH-001190,Paclitaxel,188130,3,1,2,3
ACH-001190,Rapamycin,250840,4,2,2,3
ACH-001190,Retinoic acid,250840,4,2,2,3
ACH-001190,Ribociclib,188130,1,1,0,3
ACH-001190,Temsirolimus,250840,4,2,2,3
ACH-001190,Trametinib,376260,6,2,4,3
ACH-001190,Trametinib (DMSO_TF solvate),188130,3,1,2,3
ACH-001190,Vismodegib,188130,3,1,2,3
ACH-001190,crizotinib,188130,3,1,2,3
ACH-001190,olaparib,250840,4,2,2,3
ACH-001190,palbociclib,188130,3,1,2,3
ACH-001190,venetoclax,188130,3,1,2,3
ACH-001333,5-Azacytidine,188130,3,1,2,3
ACH-001333,5-Fluorouracil,188130,3,1,2,3
ACH-001333,AZD-8055,188130,3,1,2,3
ACH-001333,Afatinib,564390,7,3,4,3
ACH-001333,Alpelisib,188130,3,1,2,3
ACH-001333,Bicalutamide,188130,3,1,2,3
ACH-001333,Bortezomib,188130,3,1,2,3
ACH-001333,Capivasertib,188130,3,1,2,3
ACH-001333,Cytarabine,376260,4,2,2,3
ACH-001333,Dabrafenib,188130,3,1,2,3
ACH-001333,Dinaciclib,188130,3,1,2,3
ACH-001333,Docetaxel,250840,4,2,2,3
ACH-001333,Erlotinib,188130,3,1,2,3
ACH-001333,Fulvestrant,188130,3,1,2,3
ACH-001333,Gefitinib,188130,3,1,2,3
ACH-001333,Gemcitabine,188130,3,1,2,3
ACH-001333,Ipatasertib,188130,3,1,2,3
ACH-001333,Irinotecan,188130,3,1,2,3
ACH-001333,LJI308,188130,3,1,2,3
ACH-001333,Methotrexate,188130,3,1,2,3
ACH-001333,Oxaliplatin,188130,3,1,2,3
ACH-001333,Paclitaxel,188130,3,1,2,3
ACH-001333,Rapamycin,250840,4,2,2,3
ACH-001333,Retinoic acid,250840,4,2,2,3
ACH-001333,Ribociclib,188130,1,1,0,3
ACH-001333,Temsirolimus,250840,4,2,2,3
ACH-001333,Trametinib,376260,6,2,4,3
ACH-001333,Trametinib (DMSO_TF solvate),188130,3,1,2,3
ACH-001333,Vismodegib,188130,3,1,2,3
ACH-001333,crizotinib,188130,3,1,2,3
ACH-001333,olaparib,250840,4,2,2,3
ACH-001333,palbociclib,188130,3,1,2,3
ACH-001333,venetoclax,188130,3,1,2,3
NA,5-Azacytidine,188130,3,1,2,3
NA,5-Fluorouracil,188130,3,1,2,3
NA,AZD-8055,188130,3,1,2,3
NA,Afatinib,564390,7,3,4,3
NA,Alpelisib,188130,3,1,2,3
NA,Bicalutamide,188130,3,1,2,3
NA,Bortezomib,188130,3,1,2,3
NA,Capivasertib,188130,3,1,2,3
NA,Cytarabine,376260,4,2,2,3
NA,Dabrafenib,188130,3,1,2,3
NA,Dinaciclib,188130,3,1,2,3
NA,Docetaxel,250840,4,2,2,3
NA,Erlotinib,188130,3,1,2,3
NA,Fulvestrant,188130,3,1,2,3
NA,Gefitinib,188130,3,1,2,3
NA,Gemcitabine,188130,3,1,2,3
NA,Ipatasertib,188130,3,1,2,3
NA,Irinotecan,188130,3,1,2,3
NA,LJI308,188130,3,1,2,3
NA,Methotrexate,188130,3,1,2,3
NA,Oxaliplatin,188130,3,1,2,3
NA,Paclitaxel,188130,3,1,2,3
NA,Rapamycin,250840,4,2,2,3
NA,Retinoic acid,250840,4,2,2,3
NA,Ribociclib,188130,1,1,0,3
NA,Temsirolimus,250840,4,2,2,3
NA,Trametinib,376260,6,2,4,3
NA,Trametinib (DMSO_TF solvate),188130,3,1,2,3
NA,Vismodegib,188130,3,1,2,3
NA,crizotinib,188130,3,1,2,3
NA,olaparib,250840,4,2,2,3
NA,palbociclib,188130,3,1,2,3
NA,venetoclax,188130,3,1,2,3
