patient,drug,n_genes_scored,mean_abs_delta,r
ACH-000120,5-Azacytidine,10563,0.525,0.0944
ACH-000120,5-Fluorouracil,10582,0.5124,0.0815
ACH-000120,AZD-8055,10346,0.564,0.0487
ACH-000120,Afatinib,11647,0.4141,0.097
ACH-000120,Alpelisib,10129,0.6087,0.0549
ACH-000120,Bicalutamide,10831,0.4936,0.1053
ACH-000120,Bortezomib,10116,0.7105,0.1864
ACH-000120,Capivasertib,10316,0.5617,0.0376
ACH-000120,Cytarabine,11346,0.4501,0.0747
ACH-000120,Dabrafenib,10623,0.5512,0.0214
ACH-000120,Dinaciclib,9645,1.2445,0.6003
ACH-000120,Docetaxel,10696,0.5343,0.1179
ACH-000120,Erlotinib,10297,0.5298,0.0471
ACH-000120,Fulvestrant,10664,0.509,0.0843
ACH-000120,Gefitinib,10800,0.4745,0.0675
ACH-000120,Gemcitabine,10635,0.5501,0.0672
ACH-000120,Ipatasertib,10237,0.6836,-0.0255
ACH-000120,Irinotecan,10556,0.5464,0.061
ACH-000120,LJI308,10076,0.6477,0.1263
ACH-000120,Methotrexate,10480,0.525,0.1001
ACH-000120,Oxaliplatin,10433,0.5795,0.0946
ACH-000120,Paclitaxel,10662,0.5284,0.0194
ACH-000120,Rapamycin,10723,0.5125,0.0882
ACH-000120,Retinoic acid,10766,0.5064,0.083
ACH-000120,Temsirolimus,10584,0.525,0.0935
ACH-000120,Trametinib,11164,0.5875,0.2754
ACH-000120,Trametinib (DMSO_TF solvate),10109,0.6012,0.1044
ACH-000120,Vismodegib,10501,0.508,0.0865
ACH-000120,crizotinib,10123,0.52,0.0404
ACH-000120,olaparib,10473,0.6855,0.0701
ACH-000120,palbociclib,10253,0.5832,0.0314
ACH-000120,venetoclax,10286,0.5985,0.0544
ACH-000138,5-Azacytidine,12415,0.3935,0.0669
ACH-000138,5-Fluorouracil,12439,0.3891,0.1126
ACH-000138,AZD-8055,12574,0.4406,0.1276
ACH-000138,Afatinib,13169,0.2837,0.0509
ACH-000138,Alpelisib,12516,0.431,0.1303
ACH-000138,Bicalutamide,12533,0.378,0.0941
ACH-000138,Bortezomib,12489,0.6912,0.4372
ACH-000138,Capivasertib,12565,0.3846,0.0829
ACH-000138,Cytarabine,12910,0.3271,0.0439
ACH-000138,Dabrafenib,12552,0.3986,0.0572
ACH-000138,Dinaciclib,12068,1.0969,0.6563
ACH-000138,Docetaxel,12615,0.4606,0.1968
ACH-000138,Erlotinib,12250,0.3993,0.0635
ACH-000138,Fulvestrant,12443,0.3915,0.0944
ACH-000138,Gefitinib,12550,0.3514,0.0325
ACH-000138,Gemcitabine,12706,0.413,0.1576
ACH-000138,Ipatasertib,12478,0.4588,0.0325
ACH-000138,Irinotecan,12661,0.41,0.1362
ACH-000138,LJI308,12393,0.4509,0.1419
ACH-000138,Methotrexate,12306,0.3989,0.0886
ACH-000138,Oxaliplatin,12607,0.4143,0.1636
ACH-000138,Paclitaxel,12713,0.3992,0.0838
ACH-000138,Rapamycin,12619,0.4128,0.1918
ACH-000138,Retinoic acid,12753,0.3856,0.1584
ACH-000138,Temsirolimus,12587,0.4074,0.1409
ACH-000138,Trametinib,12988,0.4354,0.3077
ACH-000138,Trametinib (DMSO_TF solvate),12397,0.4747,0.2073
ACH-000138,Vismodegib,12341,0.3821,0.0892
ACH-000138,crizotinib,12213,0.4081,0.0981
ACH-000138,olaparib,12670,0.7952,0.077
ACH-000138,palbociclib,12537,0.4168,0.1033
ACH-000138,venetoclax,12529,0.4942,0.1881
ACH-000139,5-Azacytidine,12045,0.4205,0.1103
ACH-000139,5-Fluorouracil,12096,0.3923,0.1017
ACH-000139,AZD-8055,12263,0.4396,0.1362
ACH-000139,Afatinib,12845,0.2906,0.0523
ACH-000139,Alpelisib,12198,0.4326,0.1257
ACH-000139,Bicalutamide,12248,0.3846,0.0913
ACH-000139,Bortezomib,12207,0.6381,0.3396
ACH-000139,Capivasertib,12266,0.3999,0.1047
ACH-000139,Cytarabine,12603,0.3359,0.0525
ACH-000139,Dabrafenib,12301,0.4212,0.0946
ACH-000139,Dinaciclib,11186,1.2402,0.6855
ACH-000139,Docetaxel,12311,0.4572,0.2126
ACH-000139,Erlotinib,11650,0.4042,0.0462
ACH-000139,Fulvestrant,12154,0.3865,0.063
ACH-000139,Gefitinib,12253,0.3582,0.0661
ACH-000139,Gemcitabine,12438,0.407,0.1121
ACH-000139,Ipatasertib,12215,0.4857,0.0783
ACH-000139,Irinotecan,12387,0.41,0.1293
ACH-000139,LJI308,12148,0.4823,0.2021
ACH-000139,Methotrexate,12030,0.4123,0.1352
ACH-000139,Oxaliplatin,12323,0.4221,0.1406
ACH-000139,Paclitaxel,12457,0.3976,0.0815
ACH-000139,Rapamycin,12348,0.4195,0.1827
ACH-000139,Retinoic acid,12425,0.3734,0.1219
ACH-000139,Temsirolimus,12280,0.4234,0.1679
ACH-000139,Trametinib,12709,0.3981,0.2402
ACH-000139,Trametinib (DMSO_TF solvate),11878,0.4651,0.1468
ACH-000139,Vismodegib,12019,0.3921,0.0864
ACH-000139,crizotinib,11627,0.4221,0.0862
ACH-000139,olaparib,12400,0.7646,0.075
ACH-000139,palbociclib,12295,0.4177,0.1099
ACH-000139,venetoclax,12246,0.4733,0.1576
ACH-000148,5-Azacytidine,12226,0.4043,0.1049
ACH-000148,5-Fluorouracil,12326,0.4046,0.1229
ACH-000148,AZD-8055,12421,0.4252,0.1171
ACH-000148,Afatinib,13030,0.2871,0.0526
ACH-000148,Alpelisib,12343,0.4164,0.1168
ACH-000148,Bicalutamide,12516,0.3799,0.122
ACH-000148,Bortezomib,12275,0.6745,0.3418
ACH-000148,Capivasertib,12351,0.4032,0.0779
ACH-000148,Cytarabine,12686,0.344,0.043
ACH-000148,Dabrafenib,12405,0.4084,0.0326
ACH-000148,Dinaciclib,11551,1.1059,0.6289
ACH-000148,Docetaxel,12569,0.4857,0.2181
ACH-000148,Erlotinib,11857,0.4134,0.0564
ACH-000148,Fulvestrant,12381,0.3952,0.1105
ACH-000148,Gefitinib,12471,0.3657,0.0676
ACH-000148,Gemcitabine,12564,0.3979,0.0739
ACH-000148,Ipatasertib,12275,0.4931,0.0802
ACH-000148,Irinotecan,12504,0.4058,0.0825
ACH-000148,LJI308,12247,0.4869,0.1951
ACH-000148,Methotrexate,12257,0.4206,0.1016
ACH-000148,Oxaliplatin,12473,0.4216,0.1124
ACH-000148,Paclitaxel,12617,0.3844,0.0509
ACH-000148,Rapamycin,12479,0.4243,0.1971
ACH-000148,Retinoic acid,12572,0.3694,0.0838
ACH-000148,Temsirolimus,12454,0.4198,0.1445
ACH-000148,Trametinib,12882,0.4039,0.2331
ACH-000148,Trametinib (DMSO_TF solvate),11984,0.4666,0.1446
ACH-000148,Vismodegib,12256,0.3909,0.0902
ACH-000148,crizotinib,11752,0.4252,0.071
ACH-000148,olaparib,11826,0.4445,0.0908
ACH-000148,palbociclib,12347,0.4205,0.113
ACH-000148,venetoclax,12403,0.4484,0.1349
ACH-000164,5-Azacytidine,12874,0.3458,0.1325
ACH-000164,5-Fluorouracil,12902,0.3367,0.094
ACH-000164,AZD-8055,12899,0.3793,0.1361
ACH-000164,Afatinib,13366,0.2455,0.0374
ACH-000164,Alpelisib,12813,0.3919,0.1468
ACH-000164,Bicalutamide,12991,0.3398,0.1278
ACH-000164,Bortezomib,12751,0.6484,0.3954
ACH-000164,Capivasertib,12839,0.3474,0.0785
ACH-000164,Cytarabine,13209,0.2933,0.0633
ACH-000164,Dabrafenib,12900,0.3664,0.055
ACH-000164,Dinaciclib,12327,1.0395,0.6278
ACH-000164,Docetaxel,12974,0.4277,0.2574
ACH-000164,Erlotinib,12602,0.352,0.0652
ACH-000164,Fulvestrant,12930,0.3388,0.1101
ACH-000164,Gefitinib,13005,0.3188,0.0689
ACH-000164,Gemcitabine,12991,0.366,0.1224
ACH-000164,Ipatasertib,12812,0.4413,0.0614
ACH-000164,Irinotecan,12945,0.3813,0.1375
ACH-000164,LJI308,12753,0.4406,0.2171
ACH-000164,Methotrexate,12837,0.3606,0.1271
ACH-000164,Oxaliplatin,12899,0.3872,0.1641
ACH-000164,Paclitaxel,13009,0.3567,0.0518
ACH-000164,Rapamycin,12975,0.3732,0.1937
ACH-000164,Retinoic acid,13044,0.3277,0.1203
ACH-000164,Temsirolimus,12963,0.3746,0.1722
ACH-000164,Trametinib,13263,0.366,0.2681
ACH-000164,Trametinib (DMSO_TF solvate),12753,0.4117,0.1652
ACH-000164,Vismodegib,12858,0.3379,0.1236
ACH-000164,crizotinib,12500,0.3688,0.077
ACH-000164,olaparib,12894,0.9352,0.1775
ACH-000164,palbociclib,12818,0.3826,0.1233
ACH-000164,venetoclax,12876,0.4234,0.1767
ACH-000178,5-Azacytidine,12566,0.4069,0.1276
ACH-000178,5-Fluorouracil,12614,0.3992,0.1486
ACH-000178,AZD-8055,11695,0.5397,0.1959
ACH-000178,Afatinib,12971,0.3002,0.0434
ACH-000178,Alpelisib,11553,0.4903,0.1351
ACH-000178,Bicalutamide,12752,0.3842,0.1649
ACH-000178,Bortezomib,11603,0.7031,0.3124
ACH-000178,Capivasertib,11633,0.4462,0.0513
ACH-000178,Cytarabine,12982,0.3255,0.0489
ACH-000178,Dabrafenib,11683,0.4541,0.042
ACH-000178,Dinaciclib,11745,1.1626,0.6581
ACH-000178,Docetaxel,11910,0.4812,0.1912
ACH-000178,Erlotinib,12173,0.3979,0.0411
ACH-000178,Fulvestrant,12681,0.3905,0.1182
ACH-000178,Gefitinib,12749,0.353,0.0642
ACH-000178,Gemcitabine,11964,0.4501,0.0833
ACH-000178,Ipatasertib,11486,0.5643,0.0786
ACH-000178,Irinotecan,11803,0.463,0.1105
ACH-000178,LJI308,11456,0.5415,0.1704
ACH-000178,Methotrexate,12544,0.4082,0.1336
ACH-000178,Oxaliplatin,11764,0.4761,0.1317
ACH-000178,Paclitaxel,11878,0.4589,0.1004
ACH-000178,Rapamycin,11912,0.4864,0.2006
ACH-000178,Retinoic acid,12031,0.4,0.0712
ACH-000178,Temsirolimus,11856,0.4898,0.1604
ACH-000178,Trametinib,12793,0.5103,0.354
ACH-000178,Trametinib (DMSO_TF solvate),12333,0.5115,0.2605
ACH-000178,Vismodegib,12565,0.3771,0.1019
ACH-000178,crizotinib,12106,0.4196,0.1081
ACH-000178,olaparib,11831,0.8491,0.1053
ACH-000178,palbociclib,11644,0.4778,0.1015
ACH-000178,venetoclax,11618,0.5239,0.1302
ACH-000222,5-Azacytidine,11741,0.4504,0.1193
ACH-000222,5-Fluorouracil,11782,0.4391,0.102
ACH-000222,AZD-8055,12263,0.4966,0.1508
ACH-000222,Afatinib,12838,0.3353,0.0764
ACH-000222,Alpelisib,12157,0.4769,0.1189
ACH-000222,Bicalutamide,11930,0.4369,0.1114
ACH-000222,Bortezomib,12207,0.6262,0.3229
ACH-000222,Capivasertib,12229,0.4206,0.0813
ACH-000222,Cytarabine,12374,0.378,0.0632
ACH-000222,Dabrafenib,12242,0.4359,0.0565
ACH-000222,Dinaciclib,11275,1.009,0.4617
ACH-000222,Docetaxel,12364,0.4711,0.1491
ACH-000222,Erlotinib,11467,0.4641,0.05
ACH-000222,Fulvestrant,11802,0.4388,0.0872
ACH-000222,Gefitinib,11950,0.4089,0.0399
ACH-000222,Gemcitabine,12445,0.4106,0.0824
ACH-000222,Ipatasertib,12129,0.5272,0.0448
ACH-000222,Irinotecan,12410,0.4334,0.1367
ACH-000222,LJI308,12030,0.5011,0.1822
ACH-000222,Methotrexate,11644,0.4578,0.0844
ACH-000222,Oxaliplatin,12296,0.4521,0.1319
ACH-000222,Paclitaxel,12443,0.4595,0.1464
ACH-000222,Rapamycin,12381,0.453,0.1933
ACH-000222,Retinoic acid,12536,0.3945,0.097
ACH-000222,Temsirolimus,12331,0.4435,0.1529
ACH-000222,Trametinib,12645,0.552,0.4251
ACH-000222,Trametinib (DMSO_TF solvate),11621,0.6156,0.285
ACH-000222,Vismodegib,11673,0.4363,0.1113
ACH-000222,crizotinib,11251,0.4793,0.0892
ACH-000222,olaparib,12318,0.9516,0.1296
ACH-000222,palbociclib,12243,0.4352,0.052
ACH-000222,venetoclax,12253,0.5342,0.1996
ACH-000236,5-Azacytidine,12176,0.4116,0.0841
ACH-000236,5-Fluorouracil,12235,0.4078,0.1285
ACH-000236,AZD-8055,12626,0.3889,0.0858
ACH-000236,Afatinib,13067,0.2842,0.0384
ACH-000236,Alpelisib,12544,0.3944,0.1221
ACH-000236,Bicalutamide,12364,0.3944,0.1084
ACH-000236,Bortezomib,12592,0.6329,0.3761
ACH-000236,Capivasertib,12617,0.3776,0.0814
ACH-000236,Cytarabine,12716,0.3336,0.0167
ACH-000236,Dabrafenib,12624,0.3997,0.0822
ACH-000236,Dinaciclib,11485,1.0203,0.5805
ACH-000236,Docetaxel,12709,0.4366,0.1957
ACH-000236,Erlotinib,11906,0.4189,0.0488
ACH-000236,Fulvestrant,12276,0.4029,0.0874
ACH-000236,Gefitinib,12345,0.3605,0.0276
ACH-000236,Gemcitabine,12777,0.3801,0.0915
ACH-000236,Ipatasertib,12545,0.457,0.0557
ACH-000236,Irinotecan,12666,0.3998,0.1496
ACH-000236,LJI308,12474,0.4594,0.1768
ACH-000236,Methotrexate,12132,0.4122,0.0762
ACH-000236,Oxaliplatin,12650,0.4029,0.1233
ACH-000236,Paclitaxel,12772,0.3784,0.0656
ACH-000236,Rapamycin,12746,0.3802,0.1304
ACH-000236,Retinoic acid,12832,0.3498,0.1004
ACH-000236,Temsirolimus,12722,0.3834,0.1439
ACH-000236,Trametinib,12946,0.378,0.1975
ACH-000236,Trametinib (DMSO_TF solvate),12108,0.4423,0.1009
ACH-000236,Vismodegib,12151,0.4078,0.1087
ACH-000236,crizotinib,11717,0.436,0.1091
ACH-000236,olaparib,12670,0.7846,0.0949
ACH-000236,palbociclib,12577,0.392,0.0821
ACH-000236,venetoclax,12608,0.4393,0.1264
ACH-000311,5-Azacytidine,5258,0.8891,0.0239
ACH-000311,5-Fluorouracil,5358,0.8598,0.0145
ACH-000311,AZD-8055,6364,0.8256,0.0288
ACH-000311,Afatinib,8266,0.6202,-0.0017
ACH-000311,Alpelisib,6305,0.8302,0.0237
ACH-000311,Bicalutamide,5294,0.8853,0.0344
ACH-000311,Bortezomib,6389,0.8981,0.0781
ACH-000311,Capivasertib,6328,0.8454,0.0333
ACH-000311,Cytarabine,6767,0.7099,-0.0373
ACH-000311,Dabrafenib,6426,0.7933,-0.0279
ACH-000311,Dinaciclib,5195,1.1195,0.226
ACH-000311,Docetaxel,7028,0.7806,0.0777
ACH-000311,Erlotinib,4922,0.8878,0.0219
ACH-000311,Fulvestrant,5105,0.881,0.0485
ACH-000311,Gefitinib,5347,0.8881,0.0393
ACH-000311,Gemcitabine,6968,0.8187,0.0267
ACH-000311,Ipatasertib,6311,0.8791,-0.0053
ACH-000311,Irinotecan,6281,0.813,0.044
ACH-000311,LJI308,6101,0.8663,0.0764
ACH-000311,Methotrexate,4844,0.8914,0.0798
ACH-000311,Oxaliplatin,6406,0.8434,0.04
ACH-000311,Paclitaxel,6639,0.8223,0.0182
ACH-000311,Rapamycin,7078,0.7435,0.0121
ACH-000311,Retinoic acid,7234,0.7378,0.0291
ACH-000311,Temsirolimus,7198,0.7512,0.0462
ACH-000311,Trametinib,7426,0.7195,0.0638
ACH-000311,Trametinib (DMSO_TF solvate),4896,0.8849,0.0177
ACH-000311,Vismodegib,4609,0.9606,0.1878
ACH-000311,crizotinib,4840,0.8922,0.0511
ACH-000311,olaparib,6196,0.8436,0.0085
ACH-000311,palbociclib,6441,0.8272,0.0104
ACH-000311,venetoclax,6499,0.8525,0.0499
ACH-000348,5-Azacytidine,11951,0.4497,0.1473
ACH-000348,5-Fluorouracil,11959,0.4166,0.1196
ACH-000348,AZD-8055,12269,0.468,0.142
ACH-000348,Afatinib,12848,0.3072,0.0376
ACH-000348,Alpelisib,12135,0.4566,0.1095
ACH-000348,Bicalutamide,12197,0.4032,0.1016
ACH-000348,Bortezomib,12065,0.6441,0.2725
ACH-000348,Capivasertib,12171,0.4239,0.047
ACH-000348,Cytarabine,12482,0.3501,0.035
ACH-000348,Dabrafenib,12286,0.4446,0.0764
ACH-000348,Dinaciclib,10997,1.1219,0.6259
ACH-000348,Docetaxel,12342,0.5116,0.1901
ACH-000348,Erlotinib,11478,0.4282,0.0461
ACH-000348,Fulvestrant,12040,0.4188,0.0942
ACH-000348,Gefitinib,12184,0.3833,0.0593
ACH-000348,Gemcitabine,12487,0.4374,0.1116
ACH-000348,Ipatasertib,12086,0.5667,0.0726
ACH-000348,Irinotecan,12357,0.435,0.114
ACH-000348,LJI308,12034,0.5258,0.1976
ACH-000348,Methotrexate,11920,0.4254,0.1206
ACH-000348,Oxaliplatin,12291,0.4567,0.1416
ACH-000348,Paclitaxel,12467,0.4252,0.0803
ACH-000348,Rapamycin,12383,0.4596,0.184
ACH-000348,Retinoic acid,12441,0.4095,0.1299
ACH-000348,Temsirolimus,12267,0.4573,0.1687
ACH-000348,Trametinib,12684,0.4126,0.2207
ACH-000348,Trametinib (DMSO_TF solvate),11686,0.4731,0.1173
ACH-000348,Vismodegib,11899,0.4021,0.0859
ACH-000348,crizotinib,11434,0.4356,0.068
ACH-000348,olaparib,12249,0.7983,0.1284
ACH-000348,palbociclib,12223,0.4447,0.0878
ACH-000348,venetoclax,12171,0.5096,0.1391
ACH-000389,5-Azacytidine,11796,0.4671,0.1418
ACH-000389,5-Fluorouracil,11856,0.4362,0.1215
ACH-000389,AZD-8055,11787,0.5036,0.1186
ACH-000389,Afatinib,12578,0.3165,0.0475
ACH-000389,Alpelisib,11620,0.4973,0.0749
ACH-000389,Bicalutamide,12120,0.403,0.1095
ACH-000389,Bortezomib,11537,0.7442,0.3245
ACH-000389,Capivasertib,11761,0.4626,0.0702
ACH-000389,Cytarabine,12252,0.3836,0.0578
ACH-000389,Dabrafenib,11774,0.4517,0.0243
ACH-000389,Dinaciclib,10750,1.2248,0.6123
ACH-000389,Docetaxel,11874,0.5219,0.1859
ACH-000389,Erlotinib,11196,0.4534,0.0411
ACH-000389,Fulvestrant,11968,0.4429,0.107
ACH-000389,Gefitinib,12041,0.4149,0.0801
ACH-000389,Gemcitabine,11995,0.4587,0.0528
ACH-000389,Ipatasertib,11643,0.5996,-0.018
ACH-000389,Irinotecan,11935,0.4572,0.107
ACH-000389,LJI308,11563,0.6112,0.2048
ACH-000389,Methotrexate,11799,0.4548,0.1219
ACH-000389,Oxaliplatin,11814,0.479,0.0972
ACH-000389,Paclitaxel,12030,0.4333,0.0293
ACH-000389,Rapamycin,11861,0.4937,0.1774
ACH-000389,Retinoic acid,11895,0.4149,0.081
ACH-000389,Temsirolimus,11808,0.4972,0.1122
ACH-000389,Trametinib,12460,0.4769,0.2913
ACH-000389,Trametinib (DMSO_TF solvate),11356,0.5146,0.1386
ACH-000389,Vismodegib,11789,0.4135,0.0819
ACH-000389,crizotinib,11102,0.4621,0.0759
ACH-000389,olaparib,11743,0.9216,0.1129
ACH-000389,palbociclib,11722,0.4866,0.1033
ACH-000389,venetoclax,11757,0.5188,0.1098
ACH-000396,5-Azacytidine,12256,0.3982,0.1072
ACH-000396,5-Fluorouracil,12291,0.3974,0.1214
ACH-000396,AZD-8055,12592,0.4179,0.1559
ACH-000396,Afatinib,13068,0.2812,0.0374
ACH-000396,Alpelisib,12503,0.4138,0.1428
ACH-000396,Bicalutamide,12530,0.37,0.0874
ACH-000396,Bortezomib,12463,0.6699,0.403
ACH-000396,Capivasertib,12547,0.379,0.0648
ACH-000396,Cytarabine,12707,0.353,0.0654
ACH-000396,Dabrafenib,12601,0.4059,0.0834
ACH-000396,Dinaciclib,11722,1.118,0.649
ACH-000396,Docetaxel,12770,0.4533,0.2177
ACH-000396,Erlotinib,11921,0.4089,0.043
ACH-000396,Fulvestrant,12355,0.3851,0.0854
ACH-000396,Gefitinib,12473,0.3477,0.0294
ACH-000396,Gemcitabine,12689,0.4288,0.1576
ACH-000396,Ipatasertib,12470,0.4886,0.148
ACH-000396,Irinotecan,12645,0.4049,0.134
ACH-000396,LJI308,12456,0.4909,0.2441
ACH-000396,Methotrexate,12246,0.3968,0.1113
ACH-000396,Oxaliplatin,12687,0.4135,0.1662
ACH-000396,Paclitaxel,12719,0.3765,0.0577
ACH-000396,Rapamycin,12771,0.3865,0.1791
ACH-000396,Retinoic acid,12839,0.3583,0.1312
ACH-000396,Temsirolimus,12738,0.386,0.1606
ACH-000396,Trametinib,12977,0.3925,0.2498
ACH-000396,Trametinib (DMSO_TF solvate),12091,0.449,0.1181
ACH-000396,Vismodegib,12237,0.3781,0.1058
ACH-000396,crizotinib,11921,0.4149,0.0908
ACH-000396,olaparib,12583,0.8301,0.1164
ACH-000396,palbociclib,12542,0.404,0.1289
ACH-000396,venetoclax,12562,0.4344,0.1491
ACH-000437,5-Azacytidine,8294,0.7153,0.0868
ACH-000437,5-Fluorouracil,8498,0.6801,0.0377
ACH-000437,AZD-8055,10321,0.5872,0.0792
ACH-000437,Afatinib,10697,0.5041,0.025
ACH-000437,Alpelisib,10055,0.5724,0.0405
ACH-000437,Bicalutamide,8797,0.6399,0.0268
ACH-000437,Bortezomib,9920,0.7722,0.247
ACH-000437,Capivasertib,10082,0.5833,0.0486
ACH-000437,Cytarabine,8946,0.5811,-0.0212
ACH-000437,Dabrafenib,10280,0.5394,0.0001
ACH-000437,Dinaciclib,6916,1.1637,0.389
ACH-000437,Docetaxel,10135,0.6227,0.132
ACH-000437,Erlotinib,7232,0.7622,0.0228
ACH-000437,Fulvestrant,8692,0.65,0.0283
ACH-000437,Gefitinib,8775,0.6504,0.0049
ACH-000437,Gemcitabine,10523,0.5518,0.0501
ACH-000437,Ipatasertib,9972,0.7531,0.0503
ACH-000437,Irinotecan,10395,0.5371,0.0467
ACH-000437,LJI308,9824,0.671,0.1436
ACH-000437,Methotrexate,8462,0.7089,0.0284
ACH-000437,Oxaliplatin,10185,0.5726,0.0765
ACH-000437,Paclitaxel,10658,0.5367,0.0185
ACH-000437,Rapamycin,10006,0.6173,0.13
ACH-000437,Retinoic acid,10075,0.5431,0.0308
ACH-000437,Temsirolimus,9934,0.6307,0.1244
ACH-000437,Trametinib,10475,0.5538,0.0951
ACH-000437,Trametinib (DMSO_TF solvate),7498,0.7645,0.0304
ACH-000437,Vismodegib,8334,0.6968,0.0553
ACH-000437,crizotinib,7117,0.7544,0.0224
ACH-000437,olaparib,10107,0.7661,0.0896
ACH-000437,palbociclib,10086,0.5777,0.0488
ACH-000437,venetoclax,10177,0.602,0.0565
ACH-000463,5-Azacytidine,12869,0.3823,0.1578
ACH-000463,5-Fluorouracil,12913,0.3606,0.1338
ACH-000463,AZD-8055,12934,0.407,0.1568
ACH-000463,Afatinib,13323,0.2482,0.0087
ACH-000463,Alpelisib,12814,0.4037,0.0977
ACH-000463,Bicalutamide,13053,0.35,0.1692
ACH-000463,Bortezomib,12845,0.6256,0.392
ACH-000463,Capivasertib,12854,0.3638,0.1035
ACH-000463,Cytarabine,13162,0.3135,0.0552
ACH-000463,Dabrafenib,12970,0.3726,0.0683
ACH-000463,Dinaciclib,12071,1.1729,0.6544
ACH-000463,Docetaxel,13005,0.4243,0.2509
ACH-000463,Erlotinib,12518,0.3672,0.0812
ACH-000463,Fulvestrant,12976,0.3474,0.1072
ACH-000463,Gefitinib,13020,0.3668,0.1295
ACH-000463,Gemcitabine,13029,0.3795,0.1136
ACH-000463,Ipatasertib,12806,0.4802,0.006
ACH-000463,Irinotecan,13004,0.3712,0.1173
ACH-000463,LJI308,12753,0.4549,0.2038
ACH-000463,Methotrexate,12885,0.3647,0.1118
ACH-000463,Oxaliplatin,12918,0.405,0.1852
ACH-000463,Paclitaxel,13059,0.3596,0.0574
ACH-000463,Rapamycin,12969,0.3944,0.2156
ACH-000463,Retinoic acid,13027,0.3368,0.1411
ACH-000463,Temsirolimus,12930,0.3918,0.1652
ACH-000463,Trametinib,13254,0.4313,0.3976
ACH-000463,Trametinib (DMSO_TF solvate),12513,0.4988,0.2951
ACH-000463,Vismodegib,12859,0.3386,0.1097
ACH-000463,crizotinib,12340,0.3849,0.111
ACH-000463,olaparib,12893,0.7072,0.1527
ACH-000463,palbociclib,12849,0.379,0.1018
ACH-000463,venetoclax,12907,0.4595,0.176
ACH-000493,5-Azacytidine,12041,0.4245,0.1492
ACH-000493,5-Fluorouracil,12107,0.4174,0.1284
ACH-000493,AZD-8055,12573,0.4029,0.1189
ACH-000493,Afatinib,12962,0.2954,0.0507
ACH-000493,Alpelisib,12476,0.4169,0.1266
ACH-000493,Bicalutamide,12335,0.3801,0.0863
ACH-000493,Bortezomib,12461,0.6922,0.4131
ACH-000493,Capivasertib,12529,0.3755,0.0481
ACH-000493,Cytarabine,12459,0.3589,0.0685
ACH-000493,Dabrafenib,12584,0.4039,0.0633
ACH-000493,Dinaciclib,11224,1.1146,0.626
ACH-000493,Docetaxel,12675,0.4388,0.2071
ACH-000493,Erlotinib,11455,0.4302,0.0464
ACH-000493,Fulvestrant,12218,0.4067,0.1003
ACH-000493,Gefitinib,12333,0.374,0.025
ACH-000493,Gemcitabine,12686,0.3946,0.0813
ACH-000493,Ipatasertib,12469,0.4953,0.0866
ACH-000493,Irinotecan,12650,0.3972,0.1275
ACH-000493,LJI308,12416,0.4953,0.2453
ACH-000493,Methotrexate,12069,0.4318,0.0942
ACH-000493,Oxaliplatin,12620,0.4133,0.1623
ACH-000493,Paclitaxel,12720,0.3716,0.0538
ACH-000493,Rapamycin,12650,0.3981,0.1877
ACH-000493,Retinoic acid,12716,0.3589,0.0966
ACH-000493,Temsirolimus,12637,0.4019,0.1519
ACH-000493,Trametinib,12897,0.3804,0.1973
ACH-000493,Trametinib (DMSO_TF solvate),11728,0.4634,0.0948
ACH-000493,Vismodegib,12023,0.4005,0.0987
ACH-000493,crizotinib,11417,0.4387,0.0949
ACH-000493,olaparib,12547,0.8243,0.1343
ACH-000493,palbociclib,12540,0.4082,0.117
ACH-000493,venetoclax,12533,0.4441,0.1706
ACH-000496,5-Azacytidine,12105,0.4187,0.1149
ACH-000496,5-Fluorouracil,12149,0.42,0.1473
ACH-000496,AZD-8055,12133,0.4514,0.1584
ACH-000496,Afatinib,12895,0.299,0.0586
ACH-000496,Alpelisib,12059,0.4615,0.1239
ACH-000496,Bicalutamide,12336,0.3913,0.0924
ACH-000496,Bortezomib,12043,0.6624,0.3139
ACH-000496,Capivasertib,12183,0.4198,0.0697
ACH-000496,Cytarabine,12616,0.3299,0.0268
ACH-000496,Dabrafenib,12227,0.4377,0.0802
ACH-000496,Dinaciclib,11415,1.1937,0.6296
ACH-000496,Docetaxel,12299,0.4678,0.2272
ACH-000496,Erlotinib,11809,0.4161,0.0665
ACH-000496,Fulvestrant,12244,0.4092,0.0945
ACH-000496,Gefitinib,12331,0.3637,0.0553
ACH-000496,Gemcitabine,12398,0.4207,0.0966
ACH-000496,Ipatasertib,12082,0.5335,0.088
ACH-000496,Irinotecan,12305,0.424,0.1256
ACH-000496,LJI308,11985,0.5249,0.1913
ACH-000496,Methotrexate,12078,0.42,0.1199
ACH-000496,Oxaliplatin,12220,0.4567,0.1561
ACH-000496,Paclitaxel,12291,0.4134,0.0673
ACH-000496,Rapamycin,12359,0.415,0.1489
ACH-000496,Retinoic acid,12404,0.4237,0.1941
ACH-000496,Temsirolimus,12278,0.4224,0.1464
ACH-000496,Trametinib,12662,0.4672,0.3524
ACH-000496,Trametinib (DMSO_TF solvate),11827,0.485,0.2025
ACH-000496,Vismodegib,12140,0.4011,0.1089
ACH-000496,crizotinib,11687,0.4161,0.0977
ACH-000496,olaparib,11415,0.4707,0.114
ACH-000496,palbociclib,12104,0.4478,0.1173
ACH-000496,venetoclax,12150,0.511,0.1693
ACH-000521,5-Azacytidine,12258,0.4293,0.1596
ACH-000521,5-Fluorouracil,12306,0.3944,0.1261
ACH-000521,AZD-8055,12964,0.3632,0.0878
ACH-000521,Afatinib,13179,0.2908,0.0422
ACH-000521,Alpelisib,12893,0.3682,0.1103
ACH-000521,Bicalutamide,12495,0.369,0.0914
ACH-000521,Bortezomib,12835,0.5916,0.3513
ACH-000521,Capivasertib,12908,0.3557,0.0525
ACH-000521,Cytarabine,12562,0.3484,0.0279
ACH-000521,Dabrafenib,12945,0.3602,0.0472
ACH-000521,Dinaciclib,11193,1.0564,0.6096
ACH-000521,Docetaxel,13000,0.4451,0.2637
ACH-000521,Erlotinib,11606,0.4252,0.0645
ACH-000521,Fulvestrant,12380,0.4123,0.1165
ACH-000521,Gefitinib,12494,0.3644,0.0911
ACH-000521,Gemcitabine,13073,0.356,0.0885
ACH-000521,Ipatasertib,12839,0.4258,0.0428
ACH-000521,Irinotecan,13014,0.3546,0.1462
ACH-000521,LJI308,12826,0.4303,0.1868
ACH-000521,Methotrexate,12249,0.4291,0.1249
ACH-000521,Oxaliplatin,13013,0.3772,0.1666
ACH-000521,Paclitaxel,13075,0.3451,0.0594
ACH-000521,Rapamycin,12982,0.3731,0.1821
ACH-000521,Retinoic acid,13000,0.3045,0.097
ACH-000521,Temsirolimus,12942,0.3656,0.1301
ACH-000521,Trametinib,13120,0.3886,0.2547
ACH-000521,Trametinib (DMSO_TF solvate),11742,0.4649,0.1468
ACH-000521,Vismodegib,12280,0.3978,0.1291
ACH-000521,crizotinib,11374,0.4293,0.0798
ACH-000521,olaparib,12924,0.7761,0.1205
ACH-000521,palbociclib,12913,0.3725,0.0843
ACH-000521,venetoclax,12926,0.4006,0.1584
ACH-000552,5-Azacytidine,12153,0.4255,0.1251
ACH-000552,5-Fluorouracil,12132,0.4182,0.1085
ACH-000552,AZD-8055,12579,0.4392,0.1435
ACH-000552,Afatinib,12999,0.3079,0.0589
ACH-000552,Alpelisib,12449,0.4475,0.1584
ACH-000552,Bicalutamide,12306,0.4046,0.111
ACH-000552,Bortezomib,12486,0.7049,0.4196
ACH-000552,Capivasertib,12560,0.4019,0.0686
ACH-000552,Cytarabine,12623,0.3531,0.0635
ACH-000552,Dabrafenib,12512,0.4271,0.0862
ACH-000552,Dinaciclib,11289,1.0883,0.6008
ACH-000552,Docetaxel,12613,0.4812,0.2619
ACH-000552,Erlotinib,11665,0.4267,0.0577
ACH-000552,Fulvestrant,12175,0.4053,0.0904
ACH-000552,Gefitinib,12281,0.3746,0.0533
ACH-000552,Gemcitabine,12743,0.4059,0.1226
ACH-000552,Ipatasertib,12423,0.5069,0.012
ACH-000552,Irinotecan,12630,0.4222,0.1486
ACH-000552,LJI308,12423,0.4766,0.1861
ACH-000552,Methotrexate,12067,0.4235,0.1011
ACH-000552,Oxaliplatin,12596,0.4368,0.1759
ACH-000552,Paclitaxel,12650,0.4212,0.1013
ACH-000552,Rapamycin,12638,0.4124,0.1771
ACH-000552,Retinoic acid,12702,0.3725,0.1165
ACH-000552,Temsirolimus,12620,0.4227,0.1565
ACH-000552,Trametinib,12860,0.4346,0.3146
ACH-000552,Trametinib (DMSO_TF solvate),11850,0.5089,0.1709
ACH-000552,Vismodegib,12101,0.4104,0.101
ACH-000552,crizotinib,11530,0.4385,0.0734
ACH-000552,olaparib,12571,0.835,0.1129
ACH-000552,palbociclib,12515,0.4268,0.1185
ACH-000552,venetoclax,12537,0.4778,0.1769
ACH-000555,5-Azacytidine,12690,0.379,0.133
ACH-000555,5-Fluorouracil,12742,0.3722,0.1549
ACH-000555,AZD-8055,12757,0.3839,0.1038
ACH-000555,Afatinib,13204,0.2606,0.0485
ACH-000555,Alpelisib,12725,0.4035,0.1512
ACH-000555,Bicalutamide,12865,0.3412,0.1109
ACH-000555,Bortezomib,12655,0.6262,0.3507
ACH-000555,Capivasertib,12745,0.3635,0.0531
ACH-000555,Cytarabine,13010,0.3084,0.0576
ACH-000555,Dabrafenib,12788,0.3778,0.0604
ACH-000555,Dinaciclib,12136,1.0225,0.6086
ACH-000555,Docetaxel,12962,0.4157,0.2531
ACH-000555,Erlotinib,12314,0.383,0.0845
ACH-000555,Fulvestrant,12776,0.3597,0.1194
ACH-000555,Gefitinib,12879,0.3162,0.0396
ACH-000555,Gemcitabine,12897,0.3655,0.0665
ACH-000555,Ipatasertib,12713,0.4458,0.0615
ACH-000555,Irinotecan,12864,0.3889,0.1356
ACH-000555,LJI308,12670,0.4536,0.2345
ACH-000555,Methotrexate,12701,0.3847,0.1171
ACH-000555,Oxaliplatin,12818,0.3816,0.157
ACH-000555,Paclitaxel,12905,0.3528,0.0175
ACH-000555,Rapamycin,12896,0.3768,0.1975
ACH-000555,Retinoic acid,12990,0.3323,0.1127
ACH-000555,Temsirolimus,12900,0.3767,0.1807
ACH-000555,Trametinib,13186,0.3696,0.2473
ACH-000555,Trametinib (DMSO_TF solvate),12449,0.4248,0.133
ACH-000555,Vismodegib,12685,0.3505,0.1395
ACH-000555,crizotinib,12238,0.3895,0.0869
ACH-000555,olaparib,12746,0.851,0.1262
ACH-000555,palbociclib,12755,0.3912,0.1059
ACH-000555,venetoclax,12748,0.4282,0.1557
ACH-000558,5-Azacytidine,12092,0.4139,0.1181
ACH-000558,5-Fluorouracil,12107,0.4001,0.1198
ACH-000558,AZD-8055,12866,0.4078,0.1813
ACH-000558,Afatinib,13135,0.2847,0.0287
ACH-000558,Alpelisib,12759,0.393,0.1574
ACH-000558,Bicalutamide,12350,0.3881,0.1284
ACH-000558,Bortezomib,12769,0.6566,0.4192
ACH-000558,Capivasertib,12817,0.366,0.0937
ACH-000558,Cytarabine,12607,0.3417,0.0501
ACH-000558,Dabrafenib,12857,0.3854,0.0688
ACH-000558,Dinaciclib,11085,1.1631,0.6381
ACH-000558,Docetaxel,12978,0.4606,0.2793
ACH-000558,Erlotinib,11679,0.4159,0.0472
ACH-000558,Fulvestrant,12202,0.3915,0.0792
ACH-000558,Gefitinib,12284,0.3727,0.0635
ACH-000558,Gemcitabine,12972,0.4089,0.1881
ACH-000558,Ipatasertib,12765,0.4544,0.1076
ACH-000558,Irinotecan,12913,0.3903,0.144
ACH-000558,LJI308,12719,0.4632,0.2486
ACH-000558,Methotrexate,12036,0.4152,0.1093
ACH-000558,Oxaliplatin,12891,0.392,0.1815
ACH-000558,Paclitaxel,13012,0.3691,0.0762
ACH-000558,Rapamycin,12929,0.3935,0.2159
ACH-000558,Retinoic acid,13050,0.353,0.1444
ACH-000558,Temsirolimus,12958,0.397,0.1827
ACH-000558,Trametinib,13056,0.4123,0.2882
ACH-000558,Trametinib (DMSO_TF solvate),11906,0.4845,0.1612
ACH-000558,Vismodegib,12090,0.3928,0.096
ACH-000558,crizotinib,11472,0.429,0.0723
ACH-000558,olaparib,12306,0.4292,0.1229
ACH-000558,palbociclib,12787,0.4066,0.1212
ACH-000558,venetoclax,12859,0.4374,0.1848
ACH-000580,5-Azacytidine,11935,0.446,0.1376
ACH-000580,5-Fluorouracil,11963,0.4389,0.1229
ACH-000580,AZD-8055,12439,0.4513,0.1229
ACH-000580,Afatinib,12835,0.3214,0.0638
ACH-000580,Alpelisib,12334,0.4276,0.1055
ACH-000580,Bicalutamide,12163,0.4188,0.109
ACH-000580,Bortezomib,12333,0.7149,0.3892
ACH-000580,Capivasertib,12368,0.4201,0.0814
ACH-000580,Cytarabine,12344,0.3786,0.0719
ACH-000580,Dabrafenib,12460,0.4687,0.1034
ACH-000580,Dinaciclib,10686,1.2089,0.6101
ACH-000580,Docetaxel,12559,0.4907,0.2632
ACH-000580,Erlotinib,11349,0.4489,0.01
ACH-000580,Fulvestrant,12044,0.4335,0.1132
ACH-000580,Gefitinib,12116,0.3875,0.0376
ACH-000580,Gemcitabine,12590,0.4337,0.1206
ACH-000580,Ipatasertib,12270,0.5778,0.1347
ACH-000580,Irinotecan,12548,0.4209,0.1207
ACH-000580,LJI308,12235,0.5123,0.2195
ACH-000580,Methotrexate,11914,0.447,0.1253
ACH-000580,Oxaliplatin,12418,0.4325,0.1095
ACH-000580,Paclitaxel,12615,0.4134,0.0571
ACH-000580,Rapamycin,12521,0.4608,0.2233
ACH-000580,Retinoic acid,12586,0.385,0.1158
ACH-000580,Temsirolimus,12474,0.4603,0.1673
ACH-000580,Trametinib,12718,0.5135,0.3883
ACH-000580,Trametinib (DMSO_TF solvate),11450,0.6126,0.3009
ACH-000580,Vismodegib,11918,0.4178,0.1121
ACH-000580,crizotinib,11104,0.4627,0.0505
ACH-000580,olaparib,12365,0.9455,0.1312
ACH-000580,palbociclib,12359,0.44,0.1096
ACH-000580,venetoclax,12403,0.4668,0.1383
ACH-000601,5-Azacytidine,12450,0.401,0.1202
ACH-000601,5-Fluorouracil,12510,0.3998,0.1519
ACH-000601,AZD-8055,11813,0.475,0.1078
ACH-000601,Afatinib,12936,0.2896,0.0317
ACH-000601,Alpelisib,11650,0.4695,0.1091
ACH-000601,Bicalutamide,12631,0.3937,0.1678
ACH-000601,Bortezomib,11764,0.7434,0.4122
ACH-000601,Capivasertib,11772,0.4258,0.0676
ACH-000601,Cytarabine,12883,0.3208,0.0424
ACH-000601,Dabrafenib,11833,0.4643,0.0732
ACH-000601,Dinaciclib,11743,1.2196,0.6955
ACH-000601,Docetaxel,12072,0.4651,0.1882
ACH-000601,Erlotinib,12104,0.3929,0.0669
ACH-000601,Fulvestrant,12469,0.3827,0.1281
ACH-000601,Gefitinib,12637,0.3559,0.0773
ACH-000601,Gemcitabine,11997,0.4458,0.1074
ACH-000601,Ipatasertib,11690,0.5446,0.0693
ACH-000601,Irinotecan,11885,0.468,0.1339
ACH-000601,LJI308,11593,0.5283,0.1966
ACH-000601,Methotrexate,12384,0.3939,0.1323
ACH-000601,Oxaliplatin,11859,0.4574,0.1407
ACH-000601,Paclitaxel,11954,0.4431,0.0405
ACH-000601,Rapamycin,12119,0.4531,0.1985
ACH-000601,Retinoic acid,12225,0.3909,0.1038
ACH-000601,Temsirolimus,12072,0.4499,0.1615
ACH-000601,Trametinib,12725,0.4732,0.3371
ACH-000601,Trametinib (DMSO_TF solvate),12256,0.5427,0.3015
ACH-000601,Vismodegib,12427,0.3677,0.1043
ACH-000601,crizotinib,12131,0.401,0.0947
ACH-000601,olaparib,11288,0.467,0.1053
ACH-000601,palbociclib,11776,0.47,0.0951
ACH-000601,venetoclax,11822,0.5243,0.1777
ACH-000628,5-Azacytidine,4094,0.9252,0.0432
ACH-000628,5-Fluorouracil,4517,0.8836,-0.027
ACH-000628,AZD-8055,3637,0.9161,0.0467
ACH-000628,Afatinib,6780,0.6704,0.0363
ACH-000628,Alpelisib,3789,0.9349,0.0467
ACH-000628,Bicalutamide,4209,0.8712,-0.0026
ACH-000628,Bortezomib,4191,0.9247,0.0464
ACH-000628,Capivasertib,3938,0.9441,0.0466
ACH-000628,Cytarabine,5761,0.7656,0.0514
ACH-000628,Dabrafenib,3904,0.9437,0.0241
ACH-000628,Dinaciclib,3786,1.1591,0.2283
ACH-000628,Docetaxel,4646,0.858,0.06
ACH-000628,Erlotinib,3903,0.9344,0.0501
ACH-000628,Fulvestrant,4326,0.8624,0.0153
ACH-000628,Gefitinib,4706,0.8992,0.0227
ACH-000628,Gemcitabine,4821,0.9003,0.0184
ACH-000628,Ipatasertib,4134,0.9246,-0.0228
ACH-000628,Irinotecan,3823,0.8644,0.0259
ACH-000628,LJI308,3493,0.9225,0.0505
ACH-000628,Methotrexate,4048,0.8708,-0.0025
ACH-000628,Oxaliplatin,3600,0.9082,0.0294
ACH-000628,Paclitaxel,4209,0.9188,0.0209
ACH-000628,Rapamycin,4792,0.8265,0.0358
ACH-000628,Retinoic acid,4725,0.7777,0.0155
ACH-000628,Temsirolimus,4858,0.8034,0.0066
ACH-000628,Trametinib,5852,0.741,0.0098
ACH-000628,Trametinib (DMSO_TF solvate),4227,0.9104,0.0568
ACH-000628,Vismodegib,3802,0.9718,0.1008
ACH-000628,crizotinib,3878,0.9282,0.0895
ACH-000628,olaparib,4396,0.8941,0.0039
ACH-000628,palbociclib,3499,0.9569,0.0308
ACH-000628,venetoclax,3712,0.9244,0.0264
ACH-000669,5-Azacytidine,12144,0.409,0.104
ACH-000669,5-Fluorouracil,12200,0.4096,0.1163
ACH-000669,AZD-8055,12317,0.4253,0.0964
ACH-000669,Afatinib,12874,0.2936,0.0431
ACH-000669,Alpelisib,12257,0.4476,0.1265
ACH-000669,Bicalutamide,12388,0.3771,0.0722
ACH-000669,Bortezomib,12192,0.6486,0.3238
ACH-000669,Capivasertib,12292,0.4226,0.0769
ACH-000669,Cytarabine,12572,0.3411,0.0335
ACH-000669,Dabrafenib,12362,0.4276,0.0604
ACH-000669,Dinaciclib,11336,1.1375,0.6176
ACH-000669,Docetaxel,12440,0.4714,0.1881
ACH-000669,Erlotinib,11643,0.4149,0.0409
ACH-000669,Fulvestrant,12242,0.4046,0.0931
ACH-000669,Gefitinib,12349,0.3765,0.0703
ACH-000669,Gemcitabine,12510,0.4265,0.0979
ACH-000669,Ipatasertib,12221,0.5121,0.0462
ACH-000669,Irinotecan,12417,0.4179,0.1029
ACH-000669,LJI308,12168,0.4964,0.2024
ACH-000669,Methotrexate,12128,0.4218,0.1009
ACH-000669,Oxaliplatin,12352,0.4436,0.1463
ACH-000669,Paclitaxel,12506,0.4153,0.0989
ACH-000669,Rapamycin,12397,0.415,0.1422
ACH-000669,Retinoic acid,12474,0.3811,0.0987
ACH-000669,Temsirolimus,12377,0.4305,0.1586
ACH-000669,Trametinib,12778,0.4242,0.2876
ACH-000669,Trametinib (DMSO_TF solvate),11727,0.4956,0.2024
ACH-000669,Vismodegib,12139,0.3988,0.0982
ACH-000669,crizotinib,11517,0.437,0.0792
ACH-000669,olaparib,12316,0.7847,0.0511
ACH-000669,palbociclib,12277,0.4294,0.0963
ACH-000669,venetoclax,12327,0.4929,0.1544
ACH-000681,5-Azacytidine,12170,0.4093,0.1244
ACH-000681,5-Fluorouracil,12207,0.4092,0.1299
ACH-000681,AZD-8055,12586,0.3963,0.098
ACH-000681,Afatinib,13034,0.2848,0.0473
ACH-000681,Alpelisib,12459,0.4172,0.1254
ACH-000681,Bicalutamide,12399,0.3906,0.1174
ACH-000681,Bortezomib,12539,0.6704,0.4058
ACH-000681,Capivasertib,12526,0.3913,0.0594
ACH-000681,Cytarabine,12632,0.3508,0.0583
ACH-000681,Dabrafenib,12584,0.398,0.0393
ACH-000681,Dinaciclib,11376,1.2161,0.6505
ACH-000681,Docetaxel,12726,0.4359,0.2242
ACH-000681,Erlotinib,11767,0.415,0.0703
ACH-000681,Fulvestrant,12268,0.4139,0.115
ACH-000681,Gefitinib,12361,0.3691,0.0675
ACH-000681,Gemcitabine,12684,0.4108,0.1143
ACH-000681,Ipatasertib,12458,0.4952,0.0814
ACH-000681,Irinotecan,12636,0.4011,0.1216
ACH-000681,LJI308,12384,0.4701,0.2044
ACH-000681,Methotrexate,12130,0.4169,0.1264
ACH-000681,Oxaliplatin,12607,0.4088,0.1342
ACH-000681,Paclitaxel,12708,0.3881,0.0611
ACH-000681,Rapamycin,12687,0.3967,0.1536
ACH-000681,Retinoic acid,12762,0.3666,0.1088
ACH-000681,Temsirolimus,12645,0.3983,0.1611
ACH-000681,Trametinib,12895,0.4213,0.2773
ACH-000681,Trametinib (DMSO_TF solvate),11929,0.4848,0.1851
ACH-000681,Vismodegib,12125,0.3957,0.1172
ACH-000681,crizotinib,11684,0.435,0.1261
ACH-000681,olaparib,12550,0.8375,0.1243
ACH-000681,palbociclib,12536,0.3989,0.072
ACH-000681,venetoclax,12515,0.4776,0.1835
ACH-000750,5-Azacytidine,12194,0.457,0.1431
ACH-000750,5-Fluorouracil,12226,0.429,0.1417
ACH-000750,AZD-8055,12325,0.4213,0.09
ACH-000750,Afatinib,12985,0.2832,0.0448
ACH-000750,Alpelisib,12318,0.4251,0.1058
ACH-000750,Bicalutamide,12445,0.4012,0.1388
ACH-000750,Bortezomib,12287,0.6772,0.3749
ACH-000750,Capivasertib,12323,0.4034,0.1053
ACH-000750,Cytarabine,12708,0.3588,0.0754
ACH-000750,Dabrafenib,12338,0.4229,0.0509
ACH-000750,Dinaciclib,11718,1.1774,0.642
ACH-000750,Docetaxel,12570,0.453,0.2125
ACH-000750,Erlotinib,11862,0.4417,0.0587
ACH-000750,Fulvestrant,12278,0.4301,0.1383
ACH-000750,Gefitinib,12389,0.3813,0.0478
ACH-000750,Gemcitabine,12493,0.4135,0.0641
ACH-000750,Ipatasertib,12276,0.5274,-0.0297
ACH-000750,Irinotecan,12480,0.4175,0.1264
ACH-000750,LJI308,12193,0.5096,0.2316
ACH-000750,Methotrexate,12116,0.4261,0.1296
ACH-000750,Oxaliplatin,12437,0.4276,0.1277
ACH-000750,Paclitaxel,12530,0.3957,0.0465
ACH-000750,Rapamycin,12540,0.4405,0.1995
ACH-000750,Retinoic acid,12550,0.3823,0.1368
ACH-000750,Temsirolimus,12465,0.4251,0.1561
ACH-000750,Trametinib,12826,0.4378,0.2857
ACH-000750,Trametinib (DMSO_TF solvate),12019,0.5033,0.1743
ACH-000750,Vismodegib,12154,0.4043,0.1286
ACH-000750,crizotinib,11863,0.4254,0.0813
ACH-000750,olaparib,12459,0.8858,0.1337
ACH-000750,palbociclib,12343,0.4355,0.1355
ACH-000750,venetoclax,12359,0.4594,0.1234
ACH-000757,5-Azacytidine,12172,0.3899,0.1061
ACH-000757,5-Fluorouracil,12175,0.3672,0.083
ACH-000757,AZD-8055,12462,0.3916,0.1436
ACH-000757,Afatinib,12991,0.2852,0.1147
ACH-000757,Alpelisib,12372,0.3961,0.1405
ACH-000757,Bicalutamide,12349,0.3682,0.1062
ACH-000757,Bortezomib,12363,0.6193,0.314
ACH-000757,Capivasertib,12440,0.3549,0.0627
ACH-000757,Cytarabine,12631,0.3354,0.0795
ACH-000757,Dabrafenib,12487,0.3762,0.0397
ACH-000757,Dinaciclib,11314,1.4516,0.7739
ACH-000757,Docetaxel,12697,0.3949,0.2067
ACH-000757,Erlotinib,11805,0.3866,0.0481
ACH-000757,Fulvestrant,12226,0.3764,0.1174
ACH-000757,Gefitinib,12311,0.3609,0.0893
ACH-000757,Gemcitabine,12536,0.3734,0.0815
ACH-000757,Ipatasertib,12371,0.4432,0.0621
ACH-000757,Irinotecan,12459,0.3955,0.1524
ACH-000757,LJI308,12337,0.4921,0.2743
ACH-000757,Methotrexate,12112,0.3776,0.105
ACH-000757,Oxaliplatin,12489,0.3919,0.1362
ACH-000757,Paclitaxel,12567,0.3682,0.0377
ACH-000757,Rapamycin,12650,0.3668,0.1694
ACH-000757,Retinoic acid,12701,0.3229,0.0844
ACH-000757,Temsirolimus,12652,0.3677,0.1692
ACH-000757,Trametinib,12771,0.4272,0.3129
ACH-000757,Trametinib (DMSO_TF solvate),12012,0.4575,0.1782
ACH-000757,Vismodegib,12131,0.3653,0.0801
ACH-000757,crizotinib,11745,0.396,0.1097
ACH-000757,olaparib,12489,0.7832,0.1356
ACH-000757,palbociclib,12422,0.4064,0.1481
ACH-000757,venetoclax,12404,0.4452,0.1221
ACH-000790,5-Azacytidine,12509,0.3929,0.1086
ACH-000790,5-Fluorouracil,12524,0.3761,0.1159
ACH-000790,AZD-8055,11808,0.4644,0.0957
ACH-000790,Afatinib,12970,0.2873,0.0291
ACH-000790,Alpelisib,11677,0.4632,0.0722
ACH-000790,Bicalutamide,12704,0.3759,0.1292
ACH-000790,Bortezomib,11688,0.6254,0.2737
ACH-000790,Capivasertib,11755,0.4489,0.0865
ACH-000790,Cytarabine,12907,0.3238,0.0713
ACH-000790,Dabrafenib,11921,0.438,0.0292
ACH-000790,Dinaciclib,11712,1.3321,0.7105
ACH-000790,Docetaxel,12133,0.4254,0.1293
ACH-000790,Erlotinib,12136,0.3846,0.0616
ACH-000790,Fulvestrant,12513,0.3735,0.1115
ACH-000790,Gefitinib,12624,0.3425,0.0652
ACH-000790,Gemcitabine,12010,0.4406,0.0906
ACH-000790,Ipatasertib,11646,0.5837,0.0347
ACH-000790,Irinotecan,11913,0.4298,0.0778
ACH-000790,LJI308,11585,0.5227,0.1535
ACH-000790,Methotrexate,12454,0.3871,0.1174
ACH-000790,Oxaliplatin,11829,0.4603,0.1171
ACH-000790,Paclitaxel,12025,0.4389,0.0824
ACH-000790,Rapamycin,12123,0.4279,0.1534
ACH-000790,Retinoic acid,12191,0.3964,0.1017
ACH-000790,Temsirolimus,12070,0.4172,0.1013
ACH-000790,Trametinib,12799,0.4247,0.2562
ACH-000790,Trametinib (DMSO_TF solvate),12332,0.4301,0.1667
ACH-000790,Vismodegib,12485,0.3561,0.0768
ACH-000790,crizotinib,12076,0.3923,0.0842
ACH-000790,olaparib,11924,0.7388,0.1442
ACH-000790,palbociclib,11746,0.4503,0.0783
ACH-000790,venetoclax,11809,0.4982,0.1269
ACH-000793,5-Azacytidine,12105,0.4422,0.1272
ACH-000793,5-Fluorouracil,12212,0.4201,0.1481
ACH-000793,AZD-8055,12489,0.4661,0.1805
ACH-000793,Afatinib,13007,0.3012,0.0731
ACH-000793,Alpelisib,12371,0.4535,0.1708
ACH-000793,Bicalutamide,12347,0.413,0.1407
ACH-000793,Bortezomib,12418,0.6999,0.4157
ACH-000793,Capivasertib,12455,0.4024,0.0935
ACH-000793,Cytarabine,12632,0.3481,0.0634
ACH-000793,Dabrafenib,12456,0.4244,0.0819
ACH-000793,Dinaciclib,11181,1.3256,0.7091
ACH-000793,Docetaxel,12595,0.4764,0.2646
ACH-000793,Erlotinib,11705,0.4207,0.0449
ACH-000793,Fulvestrant,12229,0.4127,0.1072
ACH-000793,Gefitinib,12279,0.3774,0.0651
ACH-000793,Gemcitabine,12642,0.3922,0.1425
ACH-000793,Ipatasertib,12354,0.5325,0.1249
ACH-000793,Irinotecan,12588,0.4151,0.1597
ACH-000793,LJI308,12270,0.5192,0.2322
ACH-000793,Methotrexate,12073,0.4207,0.1083
ACH-000793,Oxaliplatin,12518,0.4344,0.1633
ACH-000793,Paclitaxel,12641,0.4268,0.1409
ACH-000793,Rapamycin,12574,0.4469,0.2272
ACH-000793,Retinoic acid,12657,0.3829,0.1284
ACH-000793,Temsirolimus,12539,0.4273,0.1645
ACH-000793,Trametinib,12829,0.4145,0.2751
ACH-000793,Trametinib (DMSO_TF solvate),11941,0.4645,0.1213
ACH-000793,Vismodegib,12105,0.4004,0.0893
ACH-000793,crizotinib,11545,0.4238,0.0671
ACH-000793,olaparib,12559,0.9835,0.2108
ACH-000793,palbociclib,12506,0.44,0.1567
ACH-000793,venetoclax,12506,0.4452,0.1498
ACH-000842,5-Azacytidine,12999,0.3685,0.1543
ACH-000842,5-Fluorouracil,12993,0.3334,0.1015
ACH-000842,AZD-8055,13047,0.4054,0.1682
ACH-000842,Afatinib,13454,0.2425,0.0227
ACH-000842,Alpelisib,12986,0.3912,0.142
ACH-000842,Bicalutamide,13117,0.3383,0.1582
ACH-000842,Bortezomib,13037,0.5849,0.3851
ACH-000842,Capivasertib,13060,0.3352,0.0991
ACH-000842,Cytarabine,13295,0.2928,0.0714
ACH-000842,Dabrafenib,13075,0.3599,0.0801
ACH-000842,Dinaciclib,12296,1.1697,0.6924
ACH-000842,Docetaxel,13183,0.3855,0.2643
ACH-000842,Erlotinib,12727,0.3495,0.041
ACH-000842,Fulvestrant,13047,0.335,0.111
ACH-000842,Gefitinib,13098,0.3077,0.0691
ACH-000842,Gemcitabine,13207,0.3555,0.1516
ACH-000842,Ipatasertib,13018,0.4237,-0.0178
ACH-000842,Irinotecan,13133,0.3758,0.2084
ACH-000842,LJI308,12965,0.417,0.193
ACH-000842,Methotrexate,12971,0.3538,0.1129
ACH-000842,Oxaliplatin,13094,0.3754,0.198
ACH-000842,Paclitaxel,13177,0.3817,0.1236
ACH-000842,Rapamycin,13182,0.3662,0.2166
ACH-000842,Retinoic acid,13229,0.3127,0.1379
ACH-000842,Temsirolimus,13153,0.358,0.1947
ACH-000842,Trametinib,13344,0.4549,0.4587
ACH-000842,Trametinib (DMSO_TF solvate),12864,0.5123,0.3695
ACH-000842,Vismodegib,12967,0.3284,0.1036
ACH-000842,crizotinib,12605,0.3697,0.1124
ACH-000842,olaparib,13099,0.8103,0.191
ACH-000842,palbociclib,13031,0.3772,0.1357
ACH-000842,venetoclax,13054,0.4233,0.2077
ACH-000853,5-Azacytidine,10104,0.5738,0.0677
ACH-000853,5-Fluorouracil,10057,0.5803,0.0754
ACH-000853,AZD-8055,10464,0.5731,0.108
ACH-000853,Afatinib,11482,0.4205,0.1137
ACH-000853,Alpelisib,10439,0.592,0.1032
ACH-000853,Bicalutamide,10348,0.5339,0.0337
ACH-000853,Bortezomib,10338,0.7843,0.2997
ACH-000853,Capivasertib,10431,0.5735,0.054
ACH-000853,Cytarabine,10900,0.4823,0.0652
ACH-000853,Dabrafenib,10572,0.5624,0.0253
ACH-000853,Dinaciclib,9528,0.9755,0.4225
ACH-000853,Docetaxel,10707,0.5796,0.1669
ACH-000853,Erlotinib,9800,0.5609,0.0072
ACH-000853,Fulvestrant,10138,0.5673,0.0797
ACH-000853,Gefitinib,10236,0.5418,0.0516
ACH-000853,Gemcitabine,10538,0.5634,0.0554
ACH-000853,Ipatasertib,10436,0.6666,0.0843
ACH-000853,Irinotecan,10469,0.6069,0.1211
ACH-000853,LJI308,10321,0.7295,0.2245
ACH-000853,Methotrexate,10021,0.59,0.0672
ACH-000853,Oxaliplatin,10562,0.557,0.081
ACH-000853,Paclitaxel,10640,0.5243,0.0032
ACH-000853,Rapamycin,10606,0.5674,0.1188
ACH-000853,Retinoic acid,10639,0.5313,0.0965
ACH-000853,Temsirolimus,10672,0.5485,0.11
ACH-000853,Trametinib,11140,0.4959,0.1193
ACH-000853,Trametinib (DMSO_TF solvate),10032,0.5726,0.0585
ACH-000853,Vismodegib,9992,0.5792,0.0787
ACH-000853,crizotinib,9704,0.5759,0.04
ACH-000853,olaparib,9828,0.6257,0.076
ACH-000853,palbociclib,10315,0.6657,0.1791
ACH-000853,venetoclax,10332,0.6281,0.1434
ACH-000861,5-Azacytidine,12579,0.3933,0.1193
ACH-000861,5-Fluorouracil,12621,0.4011,0.1609
ACH-000861,AZD-8055,12780,0.431,0.2031
ACH-000861,Afatinib,13212,0.2671,0.0369
ACH-000861,Alpelisib,12669,0.4266,0.154
ACH-000861,Bicalutamide,12798,0.365,0.1112
ACH-000861,Bortezomib,12705,0.6721,0.4212
ACH-000861,Capivasertib,12746,0.3777,0.0681
ACH-000861,Cytarabine,12964,0.3209,0.0497
ACH-000861,Dabrafenib,12813,0.3938,0.0636
ACH-000861,Dinaciclib,12007,1.1213,0.6566
ACH-000861,Docetaxel,12870,0.4904,0.2854
ACH-000861,Erlotinib,12251,0.4065,0.0802
ACH-000861,Fulvestrant,12668,0.3898,0.1141
ACH-000861,Gefitinib,12770,0.3587,0.0846
ACH-000861,Gemcitabine,12860,0.4027,0.1401
ACH-000861,Ipatasertib,12639,0.4862,0.0746
ACH-000861,Irinotecan,12853,0.417,0.1783
ACH-000861,LJI308,12643,0.4844,0.239
ACH-000861,Methotrexate,12550,0.3896,0.1081
ACH-000861,Oxaliplatin,12798,0.4181,0.195
ACH-000861,Paclitaxel,12932,0.3874,0.0961
ACH-000861,Rapamycin,12871,0.4069,0.1791
ACH-000861,Retinoic acid,12934,0.3437,0.1102
ACH-000861,Temsirolimus,12781,0.3978,0.1615
ACH-000861,Trametinib,13119,0.4503,0.3955
ACH-000861,Trametinib (DMSO_TF solvate),12367,0.5229,0.26
ACH-000861,Vismodegib,12561,0.3712,0.1008
ACH-000861,crizotinib,12160,0.4202,0.0915
ACH-000861,olaparib,12776,0.8505,0.1395
ACH-000861,palbociclib,12720,0.4145,0.1131
ACH-000861,venetoclax,12749,0.4487,0.1788
ACH-000875,5-Azacytidine,12302,0.3965,0.1244
ACH-000875,5-Fluorouracil,12368,0.3941,0.0959
ACH-000875,AZD-8055,12782,0.3734,0.093
ACH-000875,Afatinib,13202,0.2735,0.0673
ACH-000875,Alpelisib,12755,0.3773,0.1111
ACH-000875,Bicalutamide,12435,0.3901,0.101
ACH-000875,Bortezomib,12811,0.6254,0.4135
ACH-000875,Capivasertib,12769,0.3513,0.0638
ACH-000875,Cytarabine,12901,0.3255,0.0556
ACH-000875,Dabrafenib,12793,0.3681,0.0646
ACH-000875,Dinaciclib,12008,0.9794,0.6175
ACH-000875,Docetaxel,12810,0.4327,0.1782
ACH-000875,Erlotinib,12190,0.3829,0.0548
ACH-000875,Fulvestrant,12379,0.3866,0.0892
ACH-000875,Gefitinib,12472,0.3519,0.039
ACH-000875,Gemcitabine,12899,0.3636,0.1055
ACH-000875,Ipatasertib,12712,0.404,0.0141
ACH-000875,Irinotecan,12775,0.3812,0.1581
ACH-000875,LJI308,12641,0.4253,0.1691
ACH-000875,Methotrexate,12248,0.4114,0.1271
ACH-000875,Oxaliplatin,12797,0.3923,0.1772
ACH-000875,Paclitaxel,12904,0.3553,0.0687
ACH-000875,Rapamycin,12794,0.3647,0.1389
ACH-000875,Retinoic acid,12845,0.3302,0.078
ACH-000875,Temsirolimus,12777,0.3674,0.1309
ACH-000875,Trametinib,13052,0.3905,0.249
ACH-000875,Trametinib (DMSO_TF solvate),12375,0.4607,0.1739
ACH-000875,Vismodegib,12305,0.3867,0.0971
ACH-000875,crizotinib,12177,0.399,0.0765
ACH-000875,olaparib,12469,0.3788,0.0721
ACH-000875,palbociclib,12752,0.3807,0.0968
ACH-000875,venetoclax,12791,0.4312,0.1794
ACH-000890,5-Azacytidine,9446,0.5825,0.048
ACH-000890,5-Fluorouracil,9508,0.5785,0.0601
ACH-000890,AZD-8055,9944,0.5682,0.0398
ACH-000890,Afatinib,10904,0.4399,0.0677
ACH-000890,Alpelisib,9709,0.5938,0.0449
ACH-000890,Bicalutamide,9725,0.5535,0.0705
ACH-000890,Bortezomib,9726,0.7584,0.2209
ACH-000890,Capivasertib,9907,0.5836,0.0431
ACH-000890,Cytarabine,10101,0.4897,0.0238
ACH-000890,Dabrafenib,10095,0.5684,0.0109
ACH-000890,Dinaciclib,7963,1.1715,0.5339
ACH-000890,Docetaxel,10186,0.6385,0.1895
ACH-000890,Erlotinib,8760,0.6154,0.0289
ACH-000890,Fulvestrant,9530,0.5662,0.0561
ACH-000890,Gefitinib,9709,0.5476,0.0502
ACH-000890,Gemcitabine,10236,0.5794,0.0614
ACH-000890,Ipatasertib,9814,0.7462,0.0184
ACH-000890,Irinotecan,10162,0.5662,0.0609
ACH-000890,LJI308,9707,0.715,0.154
ACH-000890,Methotrexate,9394,0.5906,0.0579
ACH-000890,Oxaliplatin,10015,0.5921,0.0723
ACH-000890,Paclitaxel,10327,0.5325,0.0146
ACH-000890,Rapamycin,10239,0.5329,0.0731
ACH-000890,Retinoic acid,10285,0.5156,0.0581
ACH-000890,Temsirolimus,10150,0.5622,0.0978
ACH-000890,Trametinib,10668,0.5059,0.1105
ACH-000890,Trametinib (DMSO_TF solvate),9120,0.6238,0.0621
ACH-000890,Vismodegib,9365,0.5808,0.0797
ACH-000890,crizotinib,8440,0.6391,0.0362
ACH-000890,olaparib,8297,0.6725,0.0396
ACH-000890,palbociclib,9821,0.5926,0.054
ACH-000890,venetoclax,9906,0.6113,0.0746
ACH-000900,5-Azacytidine,12361,0.4045,0.1337
ACH-000900,5-Fluorouracil,12401,0.3804,0.1094
ACH-000900,AZD-8055,12626,0.4029,0.0915
ACH-000900,Afatinib,13091,0.2907,0.0848
ACH-000900,Alpelisib,12507,0.4194,0.0856
ACH-000900,Bicalutamide,12549,0.3696,0.0981
ACH-000900,Bortezomib,12583,0.593,0.2961
ACH-000900,Capivasertib,12572,0.3796,0.0738
ACH-000900,Cytarabine,12701,0.329,0.0324
ACH-000900,Dabrafenib,12678,0.3989,0.0857
ACH-000900,Dinaciclib,11347,1.3581,0.7218
ACH-000900,Docetaxel,12783,0.438,0.2563
ACH-000900,Erlotinib,11921,0.4047,0.0359
ACH-000900,Fulvestrant,12431,0.3755,0.0885
ACH-000900,Gefitinib,12509,0.3592,0.0755
ACH-000900,Gemcitabine,12742,0.3842,0.1143
ACH-000900,Ipatasertib,12570,0.4662,0.0512
ACH-000900,Irinotecan,12718,0.3908,0.1384
ACH-000900,LJI308,12482,0.4775,0.2018
ACH-000900,Methotrexate,12324,0.4033,0.0919
ACH-000900,Oxaliplatin,12664,0.423,0.1708
ACH-000900,Paclitaxel,12711,0.3741,0.0514
ACH-000900,Rapamycin,12771,0.3943,0.1965
ACH-000900,Retinoic acid,12815,0.35,0.1296
ACH-000900,Temsirolimus,12714,0.4008,0.1856
ACH-000900,Trametinib,12943,0.4777,0.4168
ACH-000900,Trametinib (DMSO_TF solvate),11934,0.5543,0.2883
ACH-000900,Vismodegib,12310,0.3796,0.1055
ACH-000900,crizotinib,11796,0.4197,0.0921
ACH-000900,olaparib,12646,0.7903,0.1159
ACH-000900,palbociclib,12573,0.4006,0.0992
ACH-000900,venetoclax,12623,0.444,0.1577
ACH-000916,5-Azacytidine,12447,0.4275,0.0953
ACH-000916,5-Fluorouracil,12505,0.4165,0.1192
ACH-000916,AZD-8055,12763,0.439,0.1515
ACH-000916,Afatinib,13185,0.3151,0.1095
ACH-000916,Alpelisib,12748,0.4256,0.1556
ACH-000916,Bicalutamide,12606,0.3943,0.0753
ACH-000916,Bortezomib,12712,0.6661,0.3982
ACH-000916,Capivasertib,12766,0.3775,0.0883
ACH-000916,Cytarabine,12868,0.3414,0.047
ACH-000916,Dabrafenib,12783,0.4062,0.0886
ACH-000916,Dinaciclib,11638,1.2413,0.6285
ACH-000916,Docetaxel,12836,0.4174,0.2264
ACH-000916,Erlotinib,12158,0.4263,0.0486
ACH-000916,Fulvestrant,12527,0.4052,0.0884
ACH-000916,Gefitinib,12527,0.3758,0.0308
ACH-000916,Gemcitabine,12903,0.3766,0.1069
ACH-000916,Ipatasertib,12703,0.4705,0.0447
ACH-000916,Irinotecan,12821,0.405,0.1523
ACH-000916,LJI308,12657,0.4702,0.1806
ACH-000916,Methotrexate,12406,0.4189,0.102
ACH-000916,Oxaliplatin,12809,0.419,0.1869
ACH-000916,Paclitaxel,12891,0.3896,0.0969
ACH-000916,Rapamycin,12848,0.4246,0.2301
ACH-000916,Retinoic acid,12896,0.3525,0.1183
ACH-000916,Temsirolimus,12832,0.4094,0.1694
ACH-000916,Trametinib,13088,0.4571,0.3795
ACH-000916,Trametinib (DMSO_TF solvate),12340,0.5351,0.2735
ACH-000916,Vismodegib,12408,0.4128,0.0911
ACH-000916,crizotinib,12018,0.4472,0.1033
ACH-000916,olaparib,12795,0.8384,0.0833
ACH-000916,palbociclib,12769,0.4082,0.0934
ACH-000916,venetoclax,12758,0.4695,0.2048
ACH-000927,5-Azacytidine,11828,0.4531,0.1089
ACH-000927,5-Fluorouracil,11886,0.434,0.1029
ACH-000927,AZD-8055,12471,0.4863,0.1888
ACH-000927,Afatinib,12845,0.4497,0.277
ACH-000927,Alpelisib,12393,0.456,0.1387
ACH-000927,Bicalutamide,12024,0.4235,0.0936
ACH-000927,Bortezomib,12461,0.6343,0.344
ACH-000927,Capivasertib,12459,0.4065,0.0961
ACH-000927,Cytarabine,12376,0.3784,0.0622
ACH-000927,Dabrafenib,12468,0.4225,0.104
ACH-000927,Dinaciclib,10935,0.9513,0.5268
ACH-000927,Docetaxel,12633,0.4457,0.1876
ACH-000927,Erlotinib,11324,0.5199,0.1078
ACH-000927,Fulvestrant,11902,0.4527,0.11
ACH-000927,Gefitinib,11985,0.4515,0.0699
ACH-000927,Gemcitabine,12622,0.4056,0.1309
ACH-000927,Ipatasertib,12375,0.4948,0.0401
ACH-000927,Irinotecan,12544,0.4128,0.1215
ACH-000927,LJI308,12328,0.4851,0.1934
ACH-000927,Methotrexate,11822,0.4539,0.0809
ACH-000927,Oxaliplatin,12546,0.4366,0.1255
ACH-000927,Paclitaxel,12649,0.4051,0.0964
ACH-000927,Rapamycin,12583,0.4399,0.1961
ACH-000927,Retinoic acid,12653,0.3806,0.1054
ACH-000927,Temsirolimus,12549,0.4379,0.1547
ACH-000927,Trametinib,12737,0.4711,0.3675
ACH-000927,Trametinib (DMSO_TF solvate),11570,0.5838,0.2535
ACH-000927,Vismodegib,11826,0.4333,0.1029
ACH-000927,crizotinib,11196,0.4826,0.0738
ACH-000927,olaparib,12480,0.8093,0.043
ACH-000927,palbociclib,12455,0.4285,0.1402
ACH-000927,venetoclax,12445,0.4558,0.1329
ACH-000932,5-Azacytidine,11395,0.4801,0.1488
ACH-000932,5-Fluorouracil,11476,0.4674,0.1602
ACH-000932,AZD-8055,11092,0.512,0.1084
ACH-000932,Afatinib,12285,0.3462,0.0713
ACH-000932,Alpelisib,10977,0.513,0.0816
ACH-000932,Bicalutamide,11811,0.4591,0.1474
ACH-000932,Bortezomib,10961,0.704,0.2769
ACH-000932,Capivasertib,11023,0.4816,0.0653
ACH-000932,Cytarabine,12109,0.3943,0.0425
ACH-000932,Dabrafenib,11095,0.4876,0.0319
ACH-000932,Dinaciclib,10323,1.5605,0.7462
ACH-000932,Docetaxel,11526,0.4694,0.1357
ACH-000932,Erlotinib,10918,0.4641,0.0098
ACH-000932,Fulvestrant,11502,0.4511,0.0998
ACH-000932,Gefitinib,11575,0.414,0.0588
ACH-000932,Gemcitabine,11285,0.4938,0.0711
ACH-000932,Ipatasertib,10909,0.6866,0.0254
ACH-000932,Irinotecan,11245,0.4794,0.0859
ACH-000932,LJI308,10808,0.6,0.2115
ACH-000932,Methotrexate,11337,0.4488,0.0871
ACH-000932,Oxaliplatin,11186,0.5014,0.0919
ACH-000932,Paclitaxel,11347,0.4638,0.0093
ACH-000932,Rapamycin,11415,0.4878,0.1609
ACH-000932,Retinoic acid,11530,0.4283,0.0458
ACH-000932,Temsirolimus,11288,0.4972,0.1444
ACH-000932,Trametinib,11952,0.4855,0.2731
ACH-000932,Trametinib (DMSO_TF solvate),11007,0.5179,0.0929
ACH-000932,Vismodegib,11436,0.4361,0.0699
ACH-000932,crizotinib,10851,0.4582,0.0448
ACH-000932,olaparib,10325,0.5302,0.0586
ACH-000932,palbociclib,11048,0.5106,0.0911
ACH-000932,venetoclax,11045,0.5312,0.0903
ACH-000940,5-Azacytidine,10374,0.5224,0.0858
ACH-000940,5-Fluorouracil,10363,0.5378,0.1114
ACH-000940,AZD-8055,10878,0.542,0.1223
ACH-000940,Afatinib,11819,0.405,0.092
ACH-000940,Alpelisib,10767,0.5664,0.138
ACH-000940,Bicalutamide,10769,0.503,0.0539
ACH-000940,Bortezomib,10799,0.7558,0.3112
ACH-000940,Capivasertib,10905,0.4976,0.0564
ACH-000940,Cytarabine,11103,0.4385,0.0154
ACH-000940,Dabrafenib,11017,0.4942,-0.0123
ACH-000940,Dinaciclib,9506,1.2776,0.6002
ACH-000940,Docetaxel,11421,0.4684,0.1008
ACH-000940,Erlotinib,9824,0.5446,0.0297
ACH-000940,Fulvestrant,10419,0.517,0.0973
ACH-000940,Gefitinib,10558,0.4759,0.0371
ACH-000940,Gemcitabine,11142,0.5073,0.0641
ACH-000940,Ipatasertib,10803,0.7528,0.1471
ACH-000940,Irinotecan,11127,0.4841,0.0575
ACH-000940,LJI308,10768,0.6498,0.2394
ACH-000940,Methotrexate,10245,0.5354,0.0678
ACH-000940,Oxaliplatin,11069,0.5034,0.0786
ACH-000940,Paclitaxel,11171,0.4684,-0.0264
ACH-000940,Rapamycin,11268,0.4758,0.1089
ACH-000940,Retinoic acid,11335,0.419,0.0322
ACH-000940,Temsirolimus,11159,0.4884,0.1259
ACH-000940,Trametinib,11491,0.4702,0.1781
ACH-000940,Trametinib (DMSO_TF solvate),10078,0.5646,0.101
ACH-000940,Vismodegib,10284,0.509,0.0431
ACH-000940,crizotinib,9887,0.5484,0.0337
ACH-000940,olaparib,11154,0.7294,0.1586
ACH-000940,palbociclib,10890,0.5266,0.1029
ACH-000940,venetoclax,11062,0.5219,0.0806
ACH-000943,5-Azacytidine,11534,0.4433,0.1324
ACH-000943,5-Fluorouracil,11589,0.4398,0.133
ACH-000943,AZD-8055,12066,0.4385,0.0987
ACH-000943,Afatinib,12644,0.3127,0.0196
ACH-000943,Alpelisib,11872,0.4484,0.1311
ACH-000943,Bicalutamide,11867,0.433,0.1131
ACH-000943,Bortezomib,12007,0.6155,0.2814
ACH-000943,Capivasertib,11992,0.411,0.0861
ACH-000943,Cytarabine,12163,0.3802,0.0358
ACH-000943,Dabrafenib,12047,0.4388,0.0865
ACH-000943,Dinaciclib,10366,1.6291,0.7844
ACH-000943,Docetaxel,12217,0.4695,0.2457
ACH-000943,Erlotinib,11009,0.4468,0.0629
ACH-000943,Fulvestrant,11651,0.4364,0.1258
ACH-000943,Gefitinib,11742,0.3905,0.053
ACH-000943,Gemcitabine,12193,0.4344,0.088
ACH-000943,Ipatasertib,11899,0.541,-0.01
ACH-000943,Irinotecan,12137,0.4304,0.125
ACH-000943,LJI308,11854,0.4979,0.1834
ACH-000943,Methotrexate,11441,0.4359,0.1132
ACH-000943,Oxaliplatin,12100,0.4494,0.1506
ACH-000943,Paclitaxel,12216,0.4067,0.0506
ACH-000943,Rapamycin,12240,0.4436,0.1924
ACH-000943,Retinoic acid,12298,0.389,0.1145
ACH-000943,Temsirolimus,12183,0.4374,0.157
ACH-000943,Trametinib,12435,0.4429,0.2614
ACH-000943,Trametinib (DMSO_TF solvate),11199,0.5096,0.1337
ACH-000943,Vismodegib,11531,0.4179,0.1114
ACH-000943,crizotinib,10971,0.4587,0.0973
ACH-000943,olaparib,12083,0.7787,0.1333
ACH-000943,palbociclib,11998,0.432,0.0946
ACH-000943,venetoclax,11997,0.4871,0.1352
ACH-000950,5-Azacytidine,12456,0.3971,0.1045
ACH-000950,5-Fluorouracil,12495,0.3704,0.1157
ACH-000950,AZD-8055,12837,0.4203,0.1695
ACH-000950,Afatinib,13254,0.2827,0.0865
ACH-000950,Alpelisib,12833,0.4091,0.1291
ACH-000950,Bicalutamide,12653,0.3815,0.1504
ACH-000950,Bortezomib,12834,0.612,0.3955
ACH-000950,Capivasertib,12861,0.354,0.0909
ACH-000950,Cytarabine,12919,0.3293,0.0704
ACH-000950,Dabrafenib,12876,0.3879,0.0716
ACH-000950,Dinaciclib,11771,1.2971,0.7048
ACH-000950,Docetaxel,12950,0.4001,0.2305
ACH-000950,Erlotinib,12155,0.3962,0.0443
ACH-000950,Fulvestrant,12564,0.3692,0.0724
ACH-000950,Gefitinib,12618,0.3481,0.0822
ACH-000950,Gemcitabine,12984,0.3606,0.1287
ACH-000950,Ipatasertib,12802,0.4717,0.0658
ACH-000950,Irinotecan,12980,0.3793,0.1514
ACH-000950,LJI308,12760,0.4504,0.1789
ACH-000950,Methotrexate,12426,0.3868,0.1217
ACH-000950,Oxaliplatin,12936,0.3902,0.17
ACH-000950,Paclitaxel,13012,0.3769,0.1017
ACH-000950,Rapamycin,12935,0.3807,0.1843
ACH-000950,Retinoic acid,12976,0.3287,0.1142
ACH-000950,Temsirolimus,12917,0.3784,0.1626
ACH-000950,Trametinib,13106,0.473,0.405
ACH-000950,Trametinib (DMSO_TF solvate),12329,0.5373,0.2758
ACH-000950,Vismodegib,12460,0.3775,0.0802
ACH-000950,crizotinib,12062,0.4014,0.0862
ACH-000950,olaparib,12950,0.7636,0.135
ACH-000950,palbociclib,12843,0.3941,0.1403
ACH-000950,venetoclax,12897,0.4504,0.2045
ACH-000954,5-Azacytidine,12466,0.3925,0.1181
ACH-000954,5-Fluorouracil,12501,0.3778,0.116
ACH-000954,AZD-8055,12934,0.4081,0.1636
ACH-000954,Afatinib,13241,0.2813,0.0646
ACH-000954,Alpelisib,12847,0.4021,0.155
ACH-000954,Bicalutamide,12572,0.3777,0.1199
ACH-000954,Bortezomib,12906,0.5978,0.3914
ACH-000954,Capivasertib,12875,0.3483,0.0812
ACH-000954,Cytarabine,12846,0.3247,0.0441
ACH-000954,Dabrafenib,12949,0.3572,0.0446
ACH-000954,Dinaciclib,11603,1.1548,0.6488
ACH-000954,Docetaxel,13034,0.4069,0.2236
ACH-000954,Erlotinib,12067,0.3934,0.0443
ACH-000954,Fulvestrant,12554,0.3688,0.0749
ACH-000954,Gefitinib,12585,0.3455,0.0519
ACH-000954,Gemcitabine,13062,0.3457,0.1169
ACH-000954,Ipatasertib,12839,0.4245,0.014
ACH-000954,Irinotecan,13008,0.3553,0.1059
ACH-000954,LJI308,12818,0.4342,0.1839
ACH-000954,Methotrexate,12419,0.3987,0.0911
ACH-000954,Oxaliplatin,12972,0.3824,0.1626
ACH-000954,Paclitaxel,13055,0.3548,0.0718
ACH-000954,Rapamycin,12984,0.3628,0.2
ACH-000954,Retinoic acid,13046,0.3283,0.1174
ACH-000954,Temsirolimus,12988,0.3701,0.1775
ACH-000954,Trametinib,13153,0.4114,0.308
ACH-000954,Trametinib (DMSO_TF solvate),12249,0.4942,0.2043
ACH-000954,Vismodegib,12395,0.3945,0.13
ACH-000954,crizotinib,11933,0.4047,0.0534
ACH-000954,olaparib,12947,0.8247,0.1388
ACH-000954,palbociclib,12890,0.3814,0.1273
ACH-000954,venetoclax,12927,0.4194,0.1415
ACH-000957,5-Azacytidine,12204,0.4203,0.1306
ACH-000957,5-Fluorouracil,12237,0.4077,0.1321
ACH-000957,AZD-8055,12425,0.4535,0.1718
ACH-000957,Afatinib,13022,0.303,0.0526
ACH-000957,Alpelisib,12382,0.4544,0.1395
ACH-000957,Bicalutamide,12401,0.3897,0.1329
ACH-000957,Bortezomib,12424,0.6879,0.4004
ACH-000957,Capivasertib,12449,0.3946,0.0861
ACH-000957,Cytarabine,12701,0.361,0.0631
ACH-000957,Dabrafenib,12478,0.4009,0.0573
ACH-000957,Dinaciclib,11219,1.1772,0.6471
ACH-000957,Docetaxel,12530,0.4463,0.2223
ACH-000957,Erlotinib,11765,0.4084,0.0254
ACH-000957,Fulvestrant,12285,0.4021,0.1057
ACH-000957,Gefitinib,12377,0.3629,0.0648
ACH-000957,Gemcitabine,12652,0.4,0.1175
ACH-000957,Ipatasertib,12327,0.505,0.0604
ACH-000957,Irinotecan,12581,0.4089,0.1291
ACH-000957,LJI308,12279,0.4798,0.1834
ACH-000957,Methotrexate,12179,0.4214,0.1025
ACH-000957,Oxaliplatin,12486,0.4223,0.1566
ACH-000957,Paclitaxel,12604,0.3935,0.0579
ACH-000957,Rapamycin,12527,0.4288,0.1953
ACH-000957,Retinoic acid,12602,0.3602,0.1021
ACH-000957,Temsirolimus,12511,0.424,0.1884
ACH-000957,Trametinib,12865,0.4424,0.3326
ACH-000957,Trametinib (DMSO_TF solvate),11937,0.4998,0.17
ACH-000957,Vismodegib,12183,0.3944,0.1061
ACH-000957,crizotinib,11571,0.4329,0.0761
ACH-000957,olaparib,12548,0.9164,0.1619
ACH-000957,palbociclib,12429,0.4296,0.1456
ACH-000957,venetoclax,12474,0.4545,0.1464
ACH-000958,5-Azacytidine,11201,0.4863,0.1183
ACH-000958,5-Fluorouracil,11327,0.4734,0.1106
ACH-000958,AZD-8055,11723,0.4542,0.1038
ACH-000958,Afatinib,12385,0.3612,0.0766
ACH-000958,Alpelisib,11619,0.4686,0.1069
ACH-000958,Bicalutamide,11557,0.4561,0.0748
ACH-000958,Bortezomib,11587,0.6921,0.3185
ACH-000958,Capivasertib,11698,0.4521,0.071
ACH-000958,Cytarabine,11798,0.4081,0.0456
ACH-000958,Dabrafenib,11791,0.451,0.0336
ACH-000958,Dinaciclib,9809,1.2162,0.5969
ACH-000958,Docetaxel,12008,0.4781,0.2143
ACH-000958,Erlotinib,10536,0.4863,0.0339
ACH-000958,Fulvestrant,11389,0.4851,0.1057
ACH-000958,Gefitinib,11390,0.441,0.0739
ACH-000958,Gemcitabine,12007,0.459,0.0904
ACH-000958,Ipatasertib,11636,0.6168,0.0778
ACH-000958,Irinotecan,11921,0.4406,0.1054
ACH-000958,LJI308,11570,0.5395,0.1596
ACH-000958,Methotrexate,11189,0.4725,0.087
ACH-000958,Oxaliplatin,11810,0.4687,0.1094
ACH-000958,Paclitaxel,12019,0.4294,0.0327
ACH-000958,Rapamycin,11966,0.4446,0.1498
ACH-000958,Retinoic acid,12029,0.396,0.0818
ACH-000958,Temsirolimus,11899,0.4576,0.1308
ACH-000958,Trametinib,12187,0.482,0.2622
ACH-000958,Trametinib (DMSO_TF solvate),10712,0.5615,0.1556
ACH-000958,Vismodegib,11238,0.4566,0.0554
ACH-000958,crizotinib,10234,0.5203,0.0709
ACH-000958,olaparib,11789,0.8214,0.1171
ACH-000958,palbociclib,11663,0.4863,0.1153
ACH-000958,venetoclax,11745,0.5015,0.1172
ACH-000997,5-Azacytidine,11740,0.4492,0.1271
ACH-000997,5-Fluorouracil,11771,0.4391,0.1144
ACH-000997,AZD-8055,11714,0.4948,0.1079
ACH-000997,Afatinib,12610,0.3395,0.0619
ACH-000997,Alpelisib,11560,0.5306,0.137
ACH-000997,Bicalutamide,11940,0.4272,0.1129
ACH-000997,Bortezomib,11751,0.6854,0.3301
ACH-000997,Capivasertib,11774,0.4598,0.0947
ACH-000997,Cytarabine,12376,0.3718,0.0418
ACH-000997,Dabrafenib,11786,0.4564,0.0516
ACH-000997,Dinaciclib,10454,1.1847,0.5804
ACH-000997,Docetaxel,12014,0.4881,0.1933
ACH-000997,Erlotinib,11168,0.4482,0.0419
ACH-000997,Fulvestrant,11795,0.4447,0.0992
ACH-000997,Gefitinib,11911,0.4032,0.057
ACH-000997,Gemcitabine,11988,0.4567,0.1079
ACH-000997,Ipatasertib,11534,0.6955,0.1248
ACH-000997,Irinotecan,11909,0.4637,0.1215
ACH-000997,LJI308,11521,0.58,0.2207
ACH-000997,Methotrexate,11648,0.451,0.1041
ACH-000997,Oxaliplatin,11801,0.4731,0.1023
ACH-000997,Paclitaxel,12073,0.4357,0.03
ACH-000997,Rapamycin,11987,0.4727,0.2104
ACH-000997,Retinoic acid,12072,0.4059,0.0782
ACH-000997,Temsirolimus,11889,0.4613,0.1509
ACH-000997,Trametinib,12399,0.4759,0.2806
ACH-000997,Trametinib (DMSO_TF solvate),11433,0.5241,0.184
ACH-000997,Vismodegib,11698,0.4154,0.0723
ACH-000997,crizotinib,10959,0.464,0.0855
ACH-000997,olaparib,11823,0.7939,0.1886
ACH-000997,palbociclib,11699,0.4949,0.1097
ACH-000997,venetoclax,11756,0.5262,0.1569
ACH-001021,5-Azacytidine,11387,0.4812,0.1203
ACH-001021,5-Fluorouracil,11417,0.4623,0.105
ACH-001021,AZD-8055,12150,0.4633,0.118
ACH-001021,Afatinib,12631,0.3467,0.0475
ACH-001021,Alpelisib,11994,0.4774,0.1078
ACH-001021,Bicalutamide,11778,0.4558,0.1039
ACH-001021,Bortezomib,12000,0.6706,0.3066
ACH-001021,Capivasertib,12049,0.4389,0.0619
ACH-001021,Cytarabine,11888,0.398,0.0662
ACH-001021,Dabrafenib,12175,0.4447,0.0427
ACH-001021,Dinaciclib,10249,1.0749,0.5488
ACH-001021,Docetaxel,12394,0.4527,0.1684
ACH-001021,Erlotinib,10684,0.4932,0.0493
ACH-001021,Fulvestrant,11515,0.4677,0.0913
ACH-001021,Gefitinib,11580,0.4154,0.0319
ACH-001021,Gemcitabine,12289,0.4412,0.0865
ACH-001021,Ipatasertib,11971,0.6265,0.1374
ACH-001021,Irinotecan,12256,0.4527,0.1146
ACH-001021,LJI308,11941,0.5271,0.1912
ACH-001021,Methotrexate,11361,0.4772,0.083
ACH-001021,Oxaliplatin,12190,0.4617,0.1087
ACH-001021,Paclitaxel,12331,0.4391,0.0805
ACH-001021,Rapamycin,12346,0.4418,0.1696
ACH-001021,Retinoic acid,12443,0.378,0.0704
ACH-001021,Temsirolimus,12289,0.4388,0.1415
ACH-001021,Trametinib,12408,0.4943,0.3249
ACH-001021,Trametinib (DMSO_TF solvate),10931,0.579,0.1773
ACH-001021,Vismodegib,11325,0.4649,0.088
ACH-001021,crizotinib,10480,0.5088,0.0372
ACH-001021,olaparib,12128,0.9275,0.1237
ACH-001021,palbociclib,12042,0.4542,0.0784
ACH-001021,venetoclax,12098,0.5074,0.1522
ACH-001039,5-Azacytidine,11593,0.4632,0.113
ACH-001039,5-Fluorouracil,11668,0.446,0.1189
ACH-001039,AZD-8055,11827,0.4994,0.1439
ACH-001039,Afatinib,12523,0.3465,0.1138
ACH-001039,Alpelisib,11657,0.49,0.0969
ACH-001039,Bicalutamide,11793,0.4466,0.1225
ACH-001039,Bortezomib,11841,0.7152,0.3648
ACH-001039,Capivasertib,11804,0.4518,0.0587
ACH-001039,Cytarabine,12231,0.3714,0.024
ACH-001039,Dabrafenib,11847,0.4833,0.101
ACH-001039,Dinaciclib,10381,1.626,0.784
ACH-001039,Docetaxel,11974,0.4778,0.1622
ACH-001039,Erlotinib,11125,0.4597,0.0297
ACH-001039,Fulvestrant,11657,0.4466,0.0736
ACH-001039,Gefitinib,11757,0.4156,0.0651
ACH-001039,Gemcitabine,12163,0.4404,0.0904
ACH-001039,Ipatasertib,11705,0.6399,-0.0101
ACH-001039,Irinotecan,12042,0.4533,0.136
ACH-001039,LJI308,11679,0.5432,0.155
ACH-001039,Methotrexate,11474,0.4632,0.1136
ACH-001039,Oxaliplatin,11879,0.4836,0.131
ACH-001039,Paclitaxel,12048,0.454,0.074
ACH-001039,Rapamycin,11996,0.4592,0.1494
ACH-001039,Retinoic acid,12106,0.4202,0.1017
ACH-001039,Temsirolimus,11886,0.4621,0.137
ACH-001039,Trametinib,12295,0.4947,0.3257
ACH-001039,Trametinib (DMSO_TF solvate),11240,0.5391,0.1704
ACH-001039,Vismodegib,11550,0.4463,0.0883
ACH-001039,crizotinib,10973,0.4832,0.071
ACH-001039,olaparib,11936,0.7776,0.1137
ACH-001039,palbociclib,11817,0.4699,0.084
ACH-001039,venetoclax,11803,0.52,0.1158
ACH-001190,5-Azacytidine,12262,0.4279,0.1225
ACH-001190,5-Fluorouracil,12285,0.4041,0.1227
ACH-001190,AZD-8055,12292,0.4446,0.1144
ACH-001190,Afatinib,12949,0.2989,0.085
ACH-001190,Alpelisib,12201,0.4503,0.1131
ACH-001190,Bicalutamide,12467,0.3901,0.1274
ACH-001190,Bortezomib,12157,0.6808,0.3178
ACH-001190,Capivasertib,12283,0.4236,0.0966
ACH-001190,Cytarabine,12775,0.3399,0.0511
ACH-001190,Dabrafenib,12309,0.4336,0.0439
ACH-001190,Dinaciclib,11431,1.3463,0.6927
ACH-001190,Docetaxel,12518,0.4242,0.1847
ACH-001190,Erlotinib,11941,0.4086,0.0503
ACH-001190,Fulvestrant,12326,0.4201,0.1343
ACH-001190,Gefitinib,12370,0.3579,0.0259
ACH-001190,Gemcitabine,12474,0.4227,0.1193
ACH-001190,Ipatasertib,12243,0.5026,0.0312
ACH-001190,Irinotecan,12398,0.424,0.1522
ACH-001190,LJI308,12142,0.51,0.2003
ACH-001190,Methotrexate,12227,0.4212,0.0946
ACH-001190,Oxaliplatin,12377,0.4483,0.1624
ACH-001190,Paclitaxel,12448,0.4123,0.0537
ACH-001190,Rapamycin,12528,0.4316,0.2124
ACH-001190,Retinoic acid,12579,0.3845,0.1352
ACH-001190,Temsirolimus,12478,0.435,0.162
ACH-001190,Trametinib,12739,0.4925,0.3835
ACH-001190,Trametinib (DMSO_TF solvate),11977,0.5473,0.2535
ACH-001190,Vismodegib,12258,0.3982,0.0921
ACH-001190,crizotinib,11787,0.4165,0.0594
ACH-001190,olaparib,12358,0.7681,0.0905
ACH-001190,palbociclib,12241,0.4398,0.0859
ACH-001190,venetoclax,12237,0.4817,0.1422
ACH-001333,5-Azacytidine,11476,0.4606,0.1232
ACH-001333,5-Fluorouracil,11539,0.4639,0.1631
ACH-001333,AZD-8055,11964,0.4518,0.0911
ACH-001333,Afatinib,12616,0.3717,0.1092
ACH-001333,Alpelisib,11886,0.4599,0.0968
ACH-001333,Bicalutamide,11837,0.4461,0.1299
ACH-001333,Bortezomib,11952,0.6164,0.2706
ACH-001333,Capivasertib,11924,0.4308,0.083
ACH-001333,Cytarabine,12204,0.3718,0.0259
ACH-001333,Dabrafenib,12007,0.4261,0.0444
ACH-001333,Dinaciclib,10546,1.455,0.7217
ACH-001333,Docetaxel,12287,0.4125,0.1116
ACH-001333,Erlotinib,11049,0.4723,0.0448
ACH-001333,Fulvestrant,11561,0.4577,0.1386
ACH-001333,Gefitinib,11620,0.4397,0.0933
ACH-001333,Gemcitabine,12135,0.4312,0.0801
ACH-001333,Ipatasertib,11859,0.5626,0.04
ACH-001333,Irinotecan,12068,0.4437,0.1161
ACH-001333,LJI308,11778,0.5205,0.1978
ACH-001333,Methotrexate,11424,0.467,0.1229
ACH-001333,Oxaliplatin,12056,0.4506,0.0958
ACH-001333,Paclitaxel,12207,0.4127,0.0152
ACH-001333,Rapamycin,12225,0.4315,0.1592
ACH-001333,Retinoic acid,12293,0.3837,0.0788
ACH-001333,Temsirolimus,12152,0.4424,0.1556
ACH-001333,Trametinib,12426,0.4464,0.2393
ACH-001333,Trametinib (DMSO_TF solvate),11298,0.5096,0.118
ACH-001333,Vismodegib,11432,0.4392,0.1084
ACH-001333,crizotinib,10997,0.4564,0.0798
ACH-001333,olaparib,12092,0.7728,0.1208
ACH-001333,palbociclib,11913,0.4484,0.0859
ACH-001333,venetoclax,11979,0.4837,0.1538
NA,5-Azacytidine,11518,0.4725,0.1228
NA,5-Fluorouracil,11579,0.4771,0.135
NA,AZD-8055,12183,0.4403,0.0898
NA,Afatinib,12651,0.3339,0.0365
NA,Alpelisib,12051,0.4637,0.1039
NA,Bicalutamide,11937,0.4333,0.1002
NA,Bortezomib,12035,0.6748,0.3279
NA,Capivasertib,12129,0.436,0.0665
NA,Cytarabine,12038,0.3923,0.0281
NA,Dabrafenib,12241,0.439,0.0318
NA,Dinaciclib,10591,1.141,0.5837
NA,Docetaxel,12265,0.5457,0.2205
NA,Erlotinib,10846,0.4742,0.0154
NA,Fulvestrant,11696,0.4529,0.1122
NA,Gefitinib,11856,0.4293,0.0709
NA,Gemcitabine,12368,0.4393,0.0827
NA,Ipatasertib,12012,0.6292,0.0106
NA,Irinotecan,12361,0.4333,0.1006
NA,LJI308,11968,0.5402,0.186
NA,Methotrexate,11507,0.4712,0.0914
NA,Oxaliplatin,12180,0.4684,0.1484
NA,Paclitaxel,12478,0.4119,0.0191
NA,Rapamycin,12219,0.4594,0.1673
NA,Retinoic acid,12308,0.3911,0.0679
NA,Temsirolimus,12114,0.4558,0.1292
NA,Trametinib,12555,0.4222,0.1642
NA,Trametinib (DMSO_TF solvate),11128,0.5035,0.0844
NA,Vismodegib,11509,0.4526,0.1155
NA,crizotinib,10855,0.478,0.0402
NA,olaparib,12157,0.9698,0.1327
NA,palbociclib,12106,0.4372,0.0749
NA,venetoclax,12183,0.4859,0.1128
