stratum,r,gene_set
any_pair,0.0699,all
any_pair,-0.0114,all
any_pair,0.038,all
any_pair,0.0845,all
any_pair,0.0728,all
any_pair,0.0265,all
any_pair,0.0009,all
any_pair,0.0371,all
any_pair,0.0287,all
any_pair,0.0784,all
any_pair,0.0274,all
any_pair,0.0777,all
any_pair,0.0228,all
any_pair,0.0402,all
any_pair,0.0172,all
any_pair,0.0703,all
any_pair,0.0809,all
any_pair,0.0262,all
any_pair,0.0274,all
any_pair,0.002,all
any_pair,0.0151,all
any_pair,0.0519,all
any_pair,0.0617,all
any_pair,0.0392,all
any_pair,0.0393,all
any_pair,0.014,all
any_pair,0.0566,all
any_pair,0.0008,all
any_pair,0.0675,all
any_pair,-0.0231,all
any_pair,0.0578,all
any_pair,0.0241,all
any_pair,0.0742,all
any_pair,0.0492,all
any_pair,-0.0004,all
any_pair,0.0335,all
any_pair,0.0315,all
any_pair,0.0808,all
any_pair,0.0301,all
any_pair,0.0167,all
any_pair,0.009,all
any_pair,0.0863,all
any_pair,0.0289,all
any_pair,0.0036,all
any_pair,0.0283,all
any_pair,0.0545,all
any_pair,0.052,all
any_pair,0.0324,all
any_pair,0.0103,all
any_pair,0.0656,all
any_pair,0.0412,all
any_pair,0.0327,all
any_pair,0.0209,all
any_pair,0.0363,all
any_pair,0.014,all
any_pair,0.0553,all
any_pair,0.0469,all
any_pair,0.0751,all
any_pair,0.0416,all
any_pair,0.0516,all
any_pair,0.0674,all
any_pair,0.06,all
any_pair,0.1808,all
any_pair,0.0052,all
any_pair,0.0866,all
any_pair,0.0368,all
any_pair,0.0452,all
any_pair,0.0369,all
any_pair,0.038,all
any_pair,0.0109,all
any_pair,0.0364,all
any_pair,0.0501,all
any_pair,-0.0065,all
any_pair,0.0332,all
any_pair,0.017,all
any_pair,0.0491,all
any_pair,0.0334,all
any_pair,0.0655,all
any_pair,0.0389,all
any_pair,0.0193,all
any_pair,0.0676,all
any_pair,0.0538,all
any_pair,0.0442,all
any_pair,0.0954,all
any_pair,0.0381,all
any_pair,0.0339,all
any_pair,0.1122,all
any_pair,0.0133,all
any_pair,0.0562,all
any_pair,0.0064,all
any_pair,0.064,all
any_pair,0.0706,all
any_pair,0.0057,all
any_pair,0.0439,all
any_pair,0.0545,all
any_pair,0.0468,all
any_pair,0.0251,all
any_pair,0.0151,all
any_pair,0.0637,all
any_pair,0.0383,all
any_pair,0.0688,all
any_pair,0.0697,all
any_pair,0.015,all
any_pair,0.0739,all
any_pair,0.0477,all
any_pair,0.0369,all
any_pair,0.0636,all
any_pair,0.0313,all
any_pair,0.0185,all
any_pair,0.0525,all
any_pair,0.0667,all
any_pair,0.0346,all
any_pair,-0.0194,all
any_pair,0.0908,all
any_pair,0.0561,all
any_pair,0.0223,all
any_pair,0.0108,all
any_pair,0.0416,all
any_pair,0.0899,all
any_pair,0.0198,all
any_pair,0.0468,all
any_pair,0.0065,all
any_pair,0.0737,all
any_pair,0.0236,all
any_pair,0.0005,all
any_pair,0.0566,all
any_pair,0.0236,all
any_pair,0.0137,all
any_pair,0.0745,all
any_pair,0.0463,all
any_pair,0.0486,all
any_pair,0.0477,all
any_pair,0.0528,all
any_pair,0.0251,all
any_pair,0.0327,all
any_pair,0.0647,all
any_pair,0.0561,all
any_pair,0.0276,all
any_pair,0.0142,all
any_pair,0.0503,all
any_pair,0.0233,all
any_pair,0.0963,all
any_pair,0.0122,all
any_pair,0.1088,all
any_pair,0.0002,all
any_pair,0.0746,all
any_pair,0.0188,all
any_pair,0.0527,all
any_pair,0.068,all
any_pair,0.0578,all
any_pair,0.0519,all
any_pair,0.038,all
any_pair,-0.0051,all
any_pair,0.0531,all
any_pair,0.0387,all
any_pair,0.0252,all
any_pair,0.081,all
any_pair,0.0467,all
any_pair,0.0289,all
any_pair,0.051,all
any_pair,0.0254,all
any_pair,0.0856,all
any_pair,0.0868,all
any_pair,-0.011,all
any_pair,0.0191,all
any_pair,0.0489,all
any_pair,0.0454,all
any_pair,-0.0009,all
any_pair,0.051,all
any_pair,-0.0031,all
any_pair,-0.023,all
any_pair,0.0289,all
any_pair,0.0477,all
any_pair,0.0138,all
any_pair,0.0129,all
any_pair,0.0824,all
any_pair,0.0133,all
any_pair,0.0132,all
any_pair,0.0498,all
any_pair,0.0472,all
any_pair,0.0527,all
any_pair,0.0353,all
any_pair,0.0525,all
any_pair,0.0416,all
any_pair,-0.0243,all
any_pair,0.0422,all
any_pair,0.0576,all
any_pair,0.0278,all
any_pair,0.0615,all
any_pair,-0.0067,all
any_pair,0.0695,all
any_pair,0.0564,all
any_pair,0.0491,all
any_pair,0.0263,all
any_pair,0.0519,all
any_pair,0.0438,all
any_pair,0.0709,all
any_pair,0.0275,all
any_pair,0.0252,all
any_pair,0.071,all
any_pair,0.0253,all
any_pair,0.0207,all
any_pair,-0.0114,all
any_pair,0.0508,all
any_pair,0.0505,all
any_pair,0.0387,all
any_pair,0.0125,all
any_pair,0.0287,all
any_pair,0.0157,all
any_pair,0.0444,all
any_pair,0.0423,all
any_pair,0.0093,all
any_pair,0.0371,all
any_pair,0.0122,all
any_pair,0.0573,all
any_pair,0.1075,all
any_pair,0.041,all
any_pair,0.0284,all
any_pair,0.0362,all
any_pair,0.0463,all
any_pair,0.0123,all
any_pair,0.0431,all
any_pair,0.0475,all
any_pair,0.0168,all
any_pair,0.0515,all
any_pair,0.0988,all
any_pair,0.0607,all
any_pair,0.0247,all
any_pair,0.0038,all
any_pair,0.0955,all
any_pair,0.0389,all
any_pair,0.0402,all
any_pair,0.0133,all
any_pair,0.0199,all
any_pair,0.1036,all
any_pair,0.0266,all
any_pair,0.0223,all
any_pair,0.0367,all
any_pair,0.0987,all
any_pair,0.0726,all
any_pair,0.0388,all
any_pair,0.025,all
any_pair,0.0271,all
any_pair,0.0233,all
any_pair,0.022,all
any_pair,0.0644,all
any_pair,0.0027,all
any_pair,0.0989,all
any_pair,0.0547,all
any_pair,0.0576,all
any_pair,-0.0013,all
any_pair,0.0523,all
any_pair,0.0353,all
any_pair,0.0452,all
any_pair,0.0145,all
any_pair,0.0417,all
any_pair,0.0131,all
any_pair,0.0846,all
any_pair,0.0451,all
any_pair,0.0081,all
any_pair,0.0355,all
any_pair,0.0464,all
any_pair,0.0812,all
any_pair,0.0525,all
any_pair,0.0615,all
any_pair,0.0992,all
any_pair,0.0449,all
any_pair,0.0389,all
any_pair,0.0181,all
any_pair,0.0603,all
any_pair,0.004,all
any_pair,0.0323,all
any_pair,0.0066,all
any_pair,-0.0063,all
any_pair,0.0197,all
any_pair,0.0185,all
any_pair,0.043,all
any_pair,0.0447,all
any_pair,-0.0071,all
any_pair,0.0561,all
any_pair,0.0207,all
any_pair,0.052,all
any_pair,0.0749,all
any_pair,0.0595,all
any_pair,0.0481,all
any_pair,0.1403,all
any_pair,0.0487,all
any_pair,0.0734,all
any_pair,0.0295,all
any_pair,0.1279,all
any_pair,0.1645,all
any_pair,0.0274,all
any_pair,0.0412,all
any_pair,0.0163,all
any_pair,0.0143,all
any_pair,0.0302,all
any_pair,0.0012,all
any_pair,0.0522,all
any_pair,0.0303,all
any_pair,0.0119,all
any_pair,0.064,all
any_pair,0.0387,all
any_pair,0.0194,all
any_pair,0.0349,all
any_pair,0.0168,all
any_pair,0.0141,all
any_pair,0.043,all
any_pair,0.0897,all
any_pair,0.0331,all
any_pair,0.1132,all
any_pair,0.0107,all
any_pair,0.05,all
any_pair,0.075,all
any_pair,0.0552,all
any_pair,0.0626,all
any_pair,0.0621,all
any_pair,0.0333,all
any_pair,0.0065,all
any_pair,0.02,all
any_pair,0.0624,all
any_pair,0.0243,all
any_pair,0.0946,all
any_pair,0.0296,all
any_pair,0.0231,all
any_pair,0.0633,all
any_pair,0.0201,all
any_pair,0.0442,all
any_pair,0.0497,all
any_pair,-0.0005,all
any_pair,0.0265,all
any_pair,0.01,all
any_pair,0.0336,all
any_pair,0.0013,all
any_pair,0.0368,all
any_pair,0.0586,all
any_pair,0.0243,all
any_pair,0.0642,all
any_pair,0.0971,all
any_pair,0.0256,all
any_pair,0.0729,all
any_pair,0.0499,all
any_pair,0.041,all
any_pair,0.0408,all
any_pair,0.0216,all
any_pair,0.0944,all
any_pair,0.0551,all
any_pair,0.1246,all
any_pair,0.0507,all
any_pair,0.0095,all
any_pair,0.0514,all
any_pair,0.0273,all
any_pair,0.0239,all
any_pair,0.0622,all
any_pair,0.0203,all
any_pair,0.0307,all
any_pair,0.0343,all
any_pair,0.0548,all
any_pair,0.0273,all
any_pair,0.017,all
any_pair,0.0078,all
any_pair,0.0788,all
any_pair,0.0555,all
any_pair,-0.0101,all
any_pair,0.0445,all
any_pair,0.0676,all
any_pair,0.0506,all
any_pair,0.1004,all
any_pair,0.065,all
any_pair,0.068,all
any_pair,0.0709,all
any_pair,0.0083,all
any_pair,0.0595,all
any_pair,0.0927,all
any_pair,0.0206,all
any_pair,0.0877,all
any_pair,-0.0153,all
any_pair,0.0305,all
any_pair,-0.0019,all
any_pair,0.0164,all
any_pair,0.0391,all
any_pair,0.0059,all
any_pair,0.0136,all
any_pair,0.1151,all
any_pair,0.0304,all
any_pair,0.0195,all
any_pair,0.0497,all
any_pair,0.0444,all
any_pair,0.0055,all
any_pair,0.0057,all
any_pair,0.0167,all
any_pair,0.0479,all
any_pair,0.0175,all
any_pair,0.0495,all
any_pair,0.0638,all
any_pair,0.08,all
any_pair,0.0504,all
any_pair,0.0822,all
any_pair,-0.0076,all
any_pair,0.0393,all
any_pair,0.042,all
any_pair,0.0644,all
any_pair,0.0643,all
any_pair,0.0247,all
any_pair,0.0331,all
any_pair,0.0423,all
any_pair,0.0491,all
any_pair,0.0444,all
any_pair,0.0424,all
any_pair,0.0591,all
any_pair,0.0392,all
any_pair,0.0648,all
any_pair,0.0342,all
any_pair,0.0151,all
any_pair,0.0484,all
any_pair,0.0346,all
any_pair,0.0728,all
any_pair,0.0285,all
any_pair,0.0455,all
any_pair,-0.006,all
any_pair,-0.0106,all
any_pair,0.052,all
any_pair,0.0199,all
any_pair,0.0648,all
any_pair,0.0484,all
any_pair,0.0436,all
any_pair,0.0552,all
any_pair,0.0443,all
any_pair,0.0821,all
any_pair,0.0243,all
any_pair,0.0266,all
any_pair,0.0631,all
any_pair,0.0044,all
any_pair,0.0236,all
any_pair,0.0343,all
any_pair,0.0412,all
any_pair,0.043,all
any_pair,0.0603,all
any_pair,0.0451,all
any_pair,-0.0196,all
any_pair,0.0196,all
any_pair,0.0162,all
any_pair,0.0557,all
any_pair,0.0033,all
any_pair,0.0188,all
any_pair,0.0191,all
any_pair,0.0513,all
any_pair,0.0449,all
any_pair,0.0507,all
any_pair,0.0135,all
any_pair,0.0352,all
any_pair,0.0644,all
any_pair,0.067,all
any_pair,-0.0053,all
any_pair,0.0539,all
any_pair,-0.0038,all
any_pair,0.0277,all
any_pair,0.0213,all
any_pair,0.0701,all
any_pair,-0.0055,all
any_pair,0.045,all
any_pair,0.017,all
any_pair,0.0306,all
any_pair,0.0599,all
any_pair,0.0345,all
any_pair,0.0061,all
any_pair,0.048,all
any_pair,0.065,all
any_pair,0.0873,all
any_pair,0.065,all
any_pair,0.0378,all
any_pair,0.0556,all
any_pair,0.0227,all
any_pair,0.0702,all
any_pair,0.0643,all
any_pair,0.0187,all
any_pair,0.049,all
any_pair,0.0544,all
any_pair,0.0009,all
any_pair,0.013,all
any_pair,0.0559,all
any_pair,0.1221,all
any_pair,0.0294,all
any_pair,0.0691,all
any_pair,0.1076,all
any_pair,0.0898,all
any_pair,0.0477,all
any_pair,0.0782,all
any_pair,0.043,all
any_pair,0.0467,all
any_pair,0.0475,all
any_pair,-0.003,all
any_pair,0.0491,all
any_pair,0.0384,all
any_pair,0.0053,all
any_pair,0.0123,all
any_pair,0.0073,all
any_pair,0.0619,all
any_pair,-0.0033,all
any_pair,0.0208,all
any_pair,0.038,all
diff_drug,0.0811,all
diff_drug,0.0291,all
diff_drug,0.0067,all
diff_drug,0.0311,all
diff_drug,0.0325,all
diff_drug,0.037,all
diff_drug,0.0115,all
diff_drug,0.0428,all
diff_drug,0.0232,all
diff_drug,0.0323,all
diff_drug,0.0596,all
diff_drug,0.0167,all
diff_drug,0.0674,all
diff_drug,-0.0036,all
diff_drug,0.0603,all
diff_drug,0.0034,all
diff_drug,0.0199,all
diff_drug,0.037,all
diff_drug,0.0328,all
diff_drug,0.0453,all
diff_drug,0.137,all
diff_drug,0.0201,all
diff_drug,0.0004,all
diff_drug,0.0842,all
diff_drug,0.049,all
diff_drug,0.0175,all
diff_drug,0.0207,all
diff_drug,-0.0033,all
diff_drug,0.0435,all
diff_drug,0.0508,all
diff_drug,0.0217,all
diff_drug,0.0124,all
diff_drug,0.0498,all
diff_drug,0.0304,all
diff_drug,0.0255,all
diff_drug,0.0204,all
diff_drug,0.0354,all
diff_drug,0.034,all
diff_drug,0.0605,all
diff_drug,0.0307,all
diff_drug,-0.0136,all
diff_drug,0.1392,all
diff_drug,0.0199,all
diff_drug,0.0423,all
diff_drug,0.0632,all
diff_drug,0.0215,all
diff_drug,0.0192,all
diff_drug,0.0399,all
diff_drug,0.0359,all
diff_drug,0.0139,all
diff_drug,0.0367,all
diff_drug,0.0377,all
diff_drug,0.0771,all
diff_drug,0.0549,all
diff_drug,0.1142,all
diff_drug,0.0315,all
diff_drug,0.0456,all
diff_drug,0.0386,all
diff_drug,0.0536,all
diff_drug,0.0197,all
diff_drug,0.0583,all
diff_drug,0.0354,all
diff_drug,0.0366,all
diff_drug,0.0199,all
diff_drug,0.0578,all
diff_drug,0.0206,all
diff_drug,0.032,all
diff_drug,-0.0008,all
diff_drug,0.0269,all
diff_drug,0.0187,all
diff_drug,0.0476,all
diff_drug,0.1741,all
diff_drug,0.0645,all
diff_drug,0.0322,all
diff_drug,0.0399,all
diff_drug,0.1066,all
diff_drug,0.0437,all
diff_drug,0.0257,all
diff_drug,0.079,all
diff_drug,-0.007,all
diff_drug,0.0504,all
diff_drug,0.0187,all
diff_drug,0.0735,all
diff_drug,0.0007,all
diff_drug,0.057,all
diff_drug,0.0433,all
diff_drug,0.0068,all
diff_drug,0.0492,all
diff_drug,0.0634,all
diff_drug,0.0585,all
diff_drug,0.0322,all
diff_drug,0.0181,all
diff_drug,0.0039,all
diff_drug,0.0656,all
diff_drug,0.0481,all
diff_drug,0.038,all
diff_drug,0.0162,all
diff_drug,0.0109,all
diff_drug,0.0593,all
diff_drug,0.0315,all
diff_drug,0.0667,all
diff_drug,0.0352,all
diff_drug,0.0756,all
diff_drug,0.0697,all
diff_drug,0.0088,all
diff_drug,0.1414,all
diff_drug,0.0856,all
diff_drug,0.0602,all
diff_drug,0.0348,all
diff_drug,-0.0004,all
diff_drug,0.078,all
diff_drug,0.0323,all
diff_drug,0.0436,all
diff_drug,0.0172,all
diff_drug,0.052,all
diff_drug,0.0522,all
diff_drug,0.0482,all
diff_drug,0.0463,all
diff_drug,0.0955,all
diff_drug,0.0322,all
diff_drug,0.0251,all
diff_drug,0.0456,all
diff_drug,0.0101,all
diff_drug,0.0225,all
diff_drug,0.0068,all
diff_drug,-0.0021,all
diff_drug,0.0282,all
diff_drug,0.0483,all
diff_drug,0.0375,all
diff_drug,-0.025,all
diff_drug,0.0284,all
diff_drug,0.0147,all
diff_drug,0.0088,all
diff_drug,0.0561,all
diff_drug,0.049,all
diff_drug,0.0599,all
diff_drug,0.0299,all
diff_drug,0.0831,all
diff_drug,0.0322,all
diff_drug,0.0729,all
diff_drug,0.0742,all
diff_drug,-0.0199,all
diff_drug,-0.0013,all
diff_drug,0.0538,all
diff_drug,0.072,all
diff_drug,0.0467,all
diff_drug,0.6294,all
diff_drug,0.0671,all
diff_drug,0.0039,all
diff_drug,0.0981,all
diff_drug,0.051,all
diff_drug,0.0235,all
diff_drug,0.0018,all
diff_drug,0.073,all
diff_drug,0.0366,all
diff_drug,0.068,all
diff_drug,0.0448,all
diff_drug,0.0388,all
diff_drug,-0.0286,all
diff_drug,0.0046,all
diff_drug,0.0396,all
diff_drug,0.0063,all
diff_drug,0.076,all
diff_drug,0.0067,all
diff_drug,0.1116,all
diff_drug,0.0597,all
diff_drug,0.1628,all
diff_drug,0.0075,all
diff_drug,0.0384,all
diff_drug,0.0709,all
diff_drug,0.0245,all
diff_drug,0.0781,all
diff_drug,-0.0058,all
diff_drug,0.1137,all
diff_drug,0.0537,all
diff_drug,0.0383,all
diff_drug,0.0745,all
diff_drug,0.0282,all
diff_drug,0.1002,all
diff_drug,0.0462,all
diff_drug,0.0027,all
diff_drug,0.0557,all
diff_drug,0.0571,all
diff_drug,0.0308,all
diff_drug,0.0246,all
diff_drug,0.0219,all
diff_drug,0.0407,all
diff_drug,-0.0357,all
diff_drug,0.0305,all
diff_drug,0.022,all
diff_drug,0.0044,all
diff_drug,0.0144,all
diff_drug,-0.0034,all
diff_drug,0.0975,all
diff_drug,0.0375,all
diff_drug,0.0211,all
diff_drug,0.0329,all
diff_drug,0.0291,all
diff_drug,0.0451,all
diff_drug,0.0264,all
diff_drug,0.1379,all
diff_drug,0.0653,all
diff_drug,0.0207,all
diff_drug,0.0501,all
diff_drug,0.0275,all
diff_drug,0.0366,all
diff_drug,0.0659,all
diff_drug,-0.0137,all
diff_drug,0.0498,all
diff_drug,0.0393,all
diff_drug,0.0243,all
diff_drug,0.0704,all
diff_drug,0.0396,all
diff_drug,0.1273,all
diff_drug,0.0078,all
diff_drug,0.043,all
diff_drug,0.0674,all
diff_drug,0.0369,all
diff_drug,0.1578,all
diff_drug,0.0732,all
diff_drug,0.1437,all
diff_drug,0.0292,all
diff_drug,0.0881,all
diff_drug,0.0046,all
diff_drug,0.0229,all
diff_drug,0.0335,all
diff_drug,0.025,all
diff_drug,0.051,all
diff_drug,0.0572,all
diff_drug,0.0396,all
diff_drug,0.0311,all
diff_drug,0.0496,all
diff_drug,0.0262,all
diff_drug,0.0603,all
diff_drug,-0.0082,all
diff_drug,0.1006,all
diff_drug,0.03,all
diff_drug,0.0256,all
diff_drug,0.0409,all
diff_drug,0.0349,all
diff_drug,0.0197,all
diff_drug,-0.0334,all
diff_drug,-0.0179,all
diff_drug,0.0646,all
diff_drug,0.0114,all
diff_drug,0.0338,all
diff_drug,0.0507,all
diff_drug,0.0876,all
diff_drug,0.0313,all
diff_drug,0.0842,all
diff_drug,0.0912,all
diff_drug,0.014,all
diff_drug,0.0782,all
diff_drug,0.0238,all
diff_drug,0.0247,all
diff_drug,0.086,all
diff_drug,0.1357,all
diff_drug,0.0498,all
diff_drug,0.0425,all
diff_drug,0.0266,all
diff_drug,0.0541,all
diff_drug,0.0735,all
diff_drug,0.0677,all
diff_drug,0.0535,all
diff_drug,0.0592,all
diff_drug,0.0626,all
diff_drug,0.0591,all
diff_drug,0.0526,all
diff_drug,0.0183,all
diff_drug,0.0087,all
diff_drug,0.0491,all
diff_drug,0.0417,all
diff_drug,0.037,all
diff_drug,0.0505,all
diff_drug,0.0417,all
diff_drug,0.0058,all
diff_drug,0.1051,all
diff_drug,0.003,all
diff_drug,0.0541,all
diff_drug,0.029,all
diff_drug,0.0625,all
diff_drug,-0.0051,all
diff_drug,0.0139,all
diff_drug,-0.0098,all
diff_drug,0.0477,all
diff_drug,0.066,all
diff_drug,0.0641,all
diff_drug,0.0783,all
diff_drug,0.0284,all
diff_drug,0.0281,all
diff_drug,0.1275,all
diff_drug,0.0474,all
diff_drug,0.0585,all
diff_drug,0.0094,all
diff_drug,0.0251,all
diff_drug,-0.0023,all
diff_drug,0.0512,all
diff_drug,0.0435,all
diff_drug,0.0351,all
diff_drug,0.0197,all
diff_drug,0.0405,all
diff_drug,0.0583,all
diff_drug,0.0388,all
diff_drug,-0.0424,all
diff_drug,-0.0021,all
diff_drug,0.0411,all
diff_drug,0.0276,all
diff_drug,0.0828,all
diff_drug,0.0607,all
diff_drug,-0.0484,all
diff_drug,0.0364,all
diff_drug,0.0382,all
diff_drug,0.0349,all
diff_drug,0.0781,all
diff_drug,0.0987,all
diff_drug,0.0637,all
diff_drug,0.0553,all
diff_drug,0.0169,all
diff_drug,0.0314,all
diff_drug,0.0152,all
diff_drug,0.0621,all
diff_drug,0.0482,all
diff_drug,0.1092,all
diff_drug,0.0318,all
diff_drug,0.0162,all
diff_drug,-0.0215,all
diff_drug,0.0062,all
diff_drug,0.0405,all
diff_drug,0.0484,all
diff_drug,0.0285,all
diff_drug,0.0297,all
diff_drug,0.0337,all
diff_drug,0.0487,all
diff_drug,0.0324,all
diff_drug,-0.0432,all
diff_drug,0.0195,all
diff_drug,0.0042,all
diff_drug,0.0291,all
diff_drug,0.0611,all
diff_drug,0.0506,all
diff_drug,-0.0003,all
diff_drug,0.0239,all
diff_drug,0.0555,all
diff_drug,0.0823,all
diff_drug,-0.0142,all
diff_drug,-0.0095,all
diff_drug,0.0666,all
diff_drug,0.0493,all
diff_drug,0.0505,all
diff_drug,0.1257,all
diff_drug,0.0527,all
diff_drug,0.0686,all
diff_drug,0.0426,all
diff_drug,0.0228,all
diff_drug,0.0585,all
diff_drug,0.0402,all
diff_drug,0.038,all
diff_drug,0.0336,all
diff_drug,-0.0017,all
diff_drug,0.0808,all
diff_drug,0.0786,all
diff_drug,0.1913,all
diff_drug,0.0175,all
diff_drug,0.0448,all
diff_drug,-0.0098,all
diff_drug,0.0287,all
diff_drug,0.0546,all
diff_drug,0.0392,all
diff_drug,0.0731,all
diff_drug,0.0248,all
diff_drug,0.0582,all
diff_drug,0.0502,all
diff_drug,0.0382,all
diff_drug,0.0833,all
diff_drug,0.0085,all
diff_drug,0.054,all
diff_drug,0.1004,all
diff_drug,-0.02,all
diff_drug,0.0341,all
diff_drug,0.0709,all
diff_drug,0.0306,all
diff_drug,0.0408,all
diff_drug,0.0756,all
diff_drug,-0.0235,all
diff_drug,0.0791,all
diff_drug,0.0477,all
diff_drug,0.0198,all
diff_drug,0.0154,all
diff_drug,0.0871,all
diff_drug,0.0729,all
diff_drug,-0.0124,all
diff_drug,0.0671,all
diff_drug,0.1341,all
diff_drug,0.0399,all
diff_drug,0.0165,all
diff_drug,0.0225,all
diff_drug,0.0332,all
diff_drug,0.0546,all
diff_drug,0.0669,all
diff_drug,0.0323,all
diff_drug,0.0122,all
diff_drug,0.0311,all
diff_drug,0.1064,all
diff_drug,0.0564,all
diff_drug,0.0532,all
diff_drug,0.002,all
diff_drug,0.0364,all
diff_drug,0.0544,all
diff_drug,0.0583,all
diff_drug,0.0499,all
diff_drug,0.0529,all
diff_drug,-0.017,all
diff_drug,0.0548,all
diff_drug,0.0108,all
diff_drug,0.0283,all
diff_drug,-0.0106,all
diff_drug,0.0162,all
diff_drug,0.0554,all
diff_drug,0.0442,all
diff_drug,0.0632,all
diff_drug,0.0182,all
diff_drug,0.032,all
diff_drug,0.0586,all
diff_drug,0.1184,all
diff_drug,0.0329,all
diff_drug,0.0585,all
diff_drug,0.0453,all
diff_drug,-0.0195,all
diff_drug,0.1253,all
diff_drug,0.0096,all
diff_drug,0.0343,all
diff_drug,0.0257,all
diff_drug,0.0362,all
diff_drug,0.0919,all
diff_drug,0.034,all
diff_drug,0.0244,all
diff_drug,0.0248,all
diff_drug,0.0448,all
diff_drug,0.0406,all
diff_drug,0.0314,all
diff_drug,0.0487,all
diff_drug,0.0414,all
diff_drug,0.0944,all
diff_drug,0.0519,all
diff_drug,0.0473,all
diff_drug,0.06,all
diff_drug,0.0244,all
diff_drug,0.0254,all
diff_drug,0.0573,all
diff_drug,0.0639,all
diff_drug,0.022,all
diff_drug,0.0156,all
diff_drug,0.0518,all
diff_drug,-0.0325,all
diff_drug,-0.0163,all
diff_drug,0.0618,all
diff_drug,0.0503,all
diff_drug,-0.0046,all
diff_drug,0.0631,all
diff_drug,0.0825,all
diff_drug,-0.0079,all
diff_drug,0.0692,all
diff_drug,0.0672,all
diff_drug,0.0577,all
diff_drug,0.0424,all
diff_drug,0.0667,all
diff_drug,0.0233,all
diff_drug,0.0426,all
diff_drug,0.01,all
diff_drug,0.0441,all
diff_drug,0.056,all
diff_drug,-0.0361,all
diff_drug,0.0408,all
diff_drug,0.0485,all
diff_drug,0.066,all
diff_drug,0.0574,all
diff_drug,0.0781,all
diff_drug,0.0083,all
diff_drug,0.0904,all
diff_drug,0.0541,all
diff_drug,0.0083,all
diff_drug,0.0707,all
diff_drug,0.0321,all
diff_drug,0.055,all
diff_drug,0.046,all
diff_drug,0.0428,all
diff_drug,0.0365,all
diff_drug,-0.0294,all
diff_drug,0.0811,all
diff_drug,-0.0075,all
diff_drug,0.0313,all
diff_drug,0.0226,all
diff_drug,0.0511,all
diff_drug,0.003,all
diff_drug,0.0322,all
diff_drug,0.0252,all
diff_drug,0.033,all
diff_drug,0.1254,all
diff_drug,0.0683,all
diff_drug,-0.0001,all
same_drug,0.0918,all
same_drug,-0.0292,all
same_drug,0.0607,all
same_drug,0.0474,all
same_drug,0.0527,all
same_drug,0.0566,all
same_drug,0.0803,all
same_drug,0.0307,all
same_drug,0.037,all
same_drug,0.0801,all
same_drug,0.0512,all
same_drug,0.014,all
same_drug,0.0806,all
same_drug,0.0243,all
same_drug,0.0587,all
same_drug,0.1001,all
same_drug,0.1001,all
same_drug,0.0459,all
same_drug,0.1503,all
same_drug,0.0318,all
same_drug,0.0555,all
same_drug,0.0687,all
same_drug,0.0665,all
same_drug,0.0937,all
same_drug,0.096,all
same_drug,0.0563,all
same_drug,0.0993,all
same_drug,0.0083,all
same_drug,0.0325,all
same_drug,0.1048,all
same_drug,0.0679,all
same_drug,0.0585,all
same_drug,0.0159,all
same_drug,0.0656,all
same_drug,0.0272,all
same_drug,0.0936,all
same_drug,0.1335,all
same_drug,0.1131,all
same_drug,0.0343,all
same_drug,0.0191,all
same_drug,0.0257,all
same_drug,0.1174,all
same_drug,0.1047,all
same_drug,0.0527,all
same_drug,0.0999,all
same_drug,0.0394,all
same_drug,0.0187,all
same_drug,0.0285,all
same_drug,0.0726,all
same_drug,0.09,all
same_drug,0.0406,all
same_drug,0.1335,all
same_drug,0.0124,all
same_drug,0.0368,all
same_drug,0.0423,all
same_drug,-0.0254,all
same_drug,0.0693,all
same_drug,0.0396,all
same_drug,0.1532,all
same_drug,0.0459,all
same_drug,0.0808,all
same_drug,0.0268,all
same_drug,-0.0035,all
same_drug,-0.0262,all
same_drug,0.0507,all
same_drug,0.0612,all
same_drug,0.0296,all
same_drug,0.0647,all
same_drug,0.096,all
same_drug,0.394,all
same_drug,0.0406,all
same_drug,0.074,all
same_drug,0.1228,all
same_drug,0.0569,all
same_drug,0.0547,all
same_drug,0.1262,all
same_drug,0.1069,all
same_drug,0.0782,all
same_drug,0.082,all
same_drug,0.0384,all
same_drug,0.0779,all
same_drug,0.0953,all
same_drug,0.0392,all
same_drug,0.0293,all
same_drug,0.0355,all
same_drug,0.0437,all
same_drug,0.0341,all
same_drug,0.0634,all
same_drug,0.0356,all
same_drug,0.0328,all
same_drug,0.0716,all
same_drug,0.0547,all
same_drug,0.1443,all
same_drug,0.0699,all
same_drug,0.1028,all
same_drug,-0.0003,all
same_drug,0.1581,all
same_drug,0.0517,all
same_drug,0.0657,all
same_drug,0.066,all
same_drug,0.0386,all
same_drug,0.0822,all
same_drug,0.1111,all
same_drug,0.0642,all
same_drug,0.0107,all
same_drug,0.0871,all
same_drug,0.0732,all
same_drug,0.02,all
same_drug,0.0616,all
same_drug,0.0695,all
same_drug,0.0081,all
same_drug,0.117,all
same_drug,0.0293,all
same_drug,0.0249,all
same_drug,0.0437,all
same_drug,0.106,all
same_drug,0.125,all
same_drug,0.1122,all
same_drug,0.0529,all
same_drug,0.1117,all
same_drug,0.0219,all
same_drug,0.0623,all
same_drug,0.0583,all
same_drug,0.0726,all
same_drug,0.1181,all
same_drug,0.0758,all
same_drug,0.0888,all
same_drug,0.0783,all
same_drug,0.0812,all
same_drug,0.0779,all
same_drug,0.0851,all
same_drug,0.1126,all
same_drug,0.0091,all
same_drug,0.1086,all
same_drug,0.101,all
same_drug,0.0454,all
same_drug,0.0908,all
same_drug,0.0651,all
same_drug,0.1214,all
same_drug,0.0565,all
same_drug,0.0827,all
same_drug,0.0596,all
same_drug,0.0665,all
same_drug,0.2417,all
same_drug,0.0379,all
same_drug,0.0954,all
same_drug,0.0181,all
same_drug,0.0989,all
same_drug,0.0349,all
same_drug,0.0667,all
same_drug,0.015,all
same_drug,0.1265,all
same_drug,0.0823,all
same_drug,0.1135,all
same_drug,0.1214,all
same_drug,0.0305,all
same_drug,0.0842,all
same_drug,0.0535,all
same_drug,0.1115,all
same_drug,0.0516,all
same_drug,0.036,all
same_drug,0.1155,all
same_drug,0.1057,all
same_drug,0.0655,all
same_drug,0.0701,all
same_drug,0.0988,all
same_drug,0.0794,all
same_drug,0.0481,all
same_drug,0.1139,all
same_drug,0.1352,all
same_drug,0.0714,all
same_drug,0.0452,all
same_drug,0.0649,all
same_drug,0.2257,all
same_drug,0.0439,all
same_drug,0.0639,all
same_drug,0.107,all
same_drug,0.0364,all
same_drug,0.3447,all
same_drug,0.0919,all
same_drug,0.0421,all
same_drug,0.1028,all
same_drug,0.0701,all
same_drug,0.0707,all
same_drug,0.0704,all
same_drug,0.062,all
same_drug,0.0744,all
same_drug,0.0372,all
same_drug,0.1209,all
same_drug,0.1324,all
same_drug,0.0555,all
same_drug,0.098,all
same_drug,0.0776,all
same_drug,0.1028,all
same_drug,0.0298,all
same_drug,0.0218,all
same_drug,0.0323,all
same_drug,0.0751,all
same_drug,0.2172,all
same_drug,0.1322,all
same_drug,0.0182,all
same_drug,0.1335,all
same_drug,0.0889,all
same_drug,0.0438,all
same_drug,0.0426,all
same_drug,0.0528,all
same_drug,0.0445,all
same_drug,0.1069,all
same_drug,0.1146,all
same_drug,0.0713,all
same_drug,0.0596,all
same_drug,0.0252,all
same_drug,0.0754,all
same_drug,0.056,all
same_drug,0.0594,all
same_drug,0.0743,all
same_drug,0.0842,all
same_drug,0.1279,all
same_drug,0.0623,all
same_drug,0.1075,all
same_drug,0.0806,all
same_drug,0.0509,all
same_drug,0.0197,all
same_drug,0.0917,all
same_drug,0.0484,all
same_drug,0.1433,all
same_drug,-0.0159,all
same_drug,0.0597,all
same_drug,0.0634,all
same_drug,0.1113,all
same_drug,0.0674,all
same_drug,0.0882,all
same_drug,0.0498,all
same_drug,0.1032,all
same_drug,0.0321,all
same_drug,0.1231,all
same_drug,0.0489,all
same_drug,0.1046,all
same_drug,0.1651,all
same_drug,0.0274,all
same_drug,0.1073,all
same_drug,0.006,all
same_drug,0.0487,all
same_drug,0.1125,all
same_drug,0.0854,all
same_drug,0.0958,all
same_drug,0.0873,all
same_drug,0.0813,all
same_drug,0.0892,all
same_drug,0.1058,all
same_drug,0.0931,all
same_drug,0.0808,all
same_drug,0.0629,all
same_drug,0.0374,all
same_drug,0.1673,all
same_drug,0.0746,all
same_drug,0.0699,all
same_drug,0.0575,all
same_drug,0.0908,all
same_drug,0.0178,all
same_drug,0.0629,all
same_drug,0.0306,all
same_drug,0.0895,all
same_drug,0.0616,all
same_drug,-0.0029,all
same_drug,-0.0085,all
same_drug,0.1107,all
same_drug,0.1072,all
same_drug,0.0689,all
same_drug,0.0635,all
same_drug,0.0152,all
same_drug,0.0596,all
same_drug,0.125,all
same_drug,0.074,all
same_drug,0.0648,all
same_drug,0.0875,all
same_drug,0.0767,all
same_drug,0.0638,all
same_drug,0.0961,all
same_drug,0.0332,all
same_drug,0.1246,all
same_drug,0.0997,all
same_drug,0.0959,all
same_drug,0.0724,all
same_drug,0.0693,all
same_drug,0.0892,all
same_drug,0.0822,all
same_drug,0.0146,all
same_drug,0.0751,all
same_drug,0.0562,all
same_drug,0.0845,all
same_drug,0.0671,all
same_drug,0.0524,all
same_drug,0.0517,all
same_drug,0.079,all
same_drug,0.0642,all
same_drug,0.0865,all
same_drug,0.0786,all
same_drug,0.0985,all
same_drug,0.0777,all
same_drug,0.0876,all
same_drug,0.0911,all
same_drug,0.1099,all
same_drug,0.0566,all
same_drug,0.1264,all
same_drug,0.0775,all
same_drug,0.1158,all
same_drug,0.0679,all
same_drug,0.1272,all
same_drug,0.0633,all
same_drug,0.0861,all
same_drug,0.0641,all
same_drug,0.0421,all
same_drug,0.1073,all
same_drug,0.0403,all
same_drug,-0.0055,all
same_drug,0.0706,all
same_drug,0.1073,all
same_drug,0.0829,all
same_drug,0.1073,all
same_drug,0.0712,all
same_drug,0.1333,all
same_drug,0.0199,all
same_drug,0.1246,all
same_drug,0.1252,all
same_drug,0.019,all
same_drug,0.0409,all
same_drug,0.043,all
same_drug,0.1746,all
same_drug,-0.005,all
same_drug,0.0388,all
same_drug,0.0578,all
same_drug,0.0818,all
same_drug,0.1057,all
same_drug,0.0539,all
same_drug,0.0263,all
same_drug,0.0841,all
same_drug,0.0659,all
same_drug,0.0652,all
same_drug,0.0739,all
same_drug,0.1744,all
same_drug,0.033,all
same_drug,-0.0195,all
same_drug,0.0954,all
same_drug,0.057,all
same_drug,0.1259,all
same_drug,0.0463,all
same_drug,0.0378,all
same_drug,0.1192,all
same_drug,0.0606,all
same_drug,0.1177,all
same_drug,0.0481,all
same_drug,0.0931,all
same_drug,0.0626,all
same_drug,0.0787,all
same_drug,0.0717,all
same_drug,0.0723,all
same_drug,0.09,all
same_drug,0.1541,all
same_drug,0.0957,all
same_drug,0.1299,all
same_drug,0.0306,all
same_drug,0.039,all
same_drug,0.0784,all
same_drug,0.0867,all
same_drug,0.0593,all
same_drug,0.0401,all
same_drug,0.0764,all
same_drug,0.1109,all
same_drug,0.0018,all
same_drug,0.0836,all
same_drug,0.1061,all
same_drug,0.0594,all
same_drug,0.052,all
same_drug,0.0624,all
same_drug,0.0764,all
same_drug,0.0365,all
same_drug,0.0085,all
same_drug,0.0663,all
same_drug,0.0536,all
same_drug,0.0951,all
same_drug,0.0896,all
same_drug,0.0731,all
same_drug,0.1155,all
same_drug,0.1031,all
same_drug,0.0482,all
same_drug,0.042,all
same_drug,0.0479,all
same_drug,-0.0584,all
same_drug,0.015,all
same_drug,0.0752,all
same_drug,0.048,all
same_drug,0.0474,all
same_drug,0.0648,all
same_drug,0.0347,all
same_drug,0.0454,all
same_drug,0.0568,all
same_drug,0.0579,all
same_drug,0.0852,all
same_drug,0.0919,all
same_drug,0.0815,all
same_drug,0.0617,all
same_drug,0.1243,all
same_drug,0.0407,all
same_drug,0.2404,all
same_drug,0.0718,all
same_drug,0.0439,all
same_drug,0.0678,all
same_drug,0.0784,all
same_drug,0.1106,all
same_drug,0.0393,all
same_drug,0.0808,all
same_drug,-0.0043,all
same_drug,0.0499,all
same_drug,0.0909,all
same_drug,0.0605,all
same_drug,0.0924,all
same_drug,0.067,all
same_drug,0.1416,all
same_drug,0.089,all
same_drug,0.422,all
same_drug,0.0943,all
same_drug,0.0764,all
same_drug,-0.0293,all
same_drug,0.0876,all
same_drug,0.0617,all
same_drug,0.0831,all
same_drug,0.0757,all
same_drug,0.2259,all
same_drug,0.1247,all
same_drug,0.0949,all
same_drug,0.073,all
same_drug,0.0562,all
same_drug,0.112,all
same_drug,0.0595,all
same_drug,0.0762,all
same_drug,0.0967,all
same_drug,0.0515,all
same_drug,0.1035,all
same_drug,0.0621,all
same_drug,0.0856,all
same_drug,0.0456,all
same_drug,0.07,all
same_drug,0.129,all
same_drug,0.0828,all
same_drug,0.0635,all
same_drug,0.0379,all
same_drug,0.0848,all
same_drug,0.0718,all
same_drug,0.0539,all
same_drug,0.0895,all
same_drug,0.0423,all
same_drug,0.0742,all
same_drug,0.1458,all
same_drug,0.0528,all
same_drug,0.0365,all
same_drug,0.0322,all
same_drug,0.0781,all
same_drug,0.0642,all
same_drug,0.0623,all
same_drug,0.074,all
same_drug,0.0693,all
same_drug,0.0834,all
same_drug,0.0648,all
same_drug,0.106,all
same_drug,0.0682,all
same_drug,0.1104,all
same_drug,0.1732,all
same_drug,0.0635,all
same_drug,0.1077,all
same_drug,0.0891,all
same_drug,0.0489,all
same_drug,0.0559,all
same_drug,0.0618,all
same_drug,0.0778,all
same_drug,0.0484,all
same_drug,0.0539,all
same_drug,0.1329,all
same_drug,0.0841,all
same_drug,0.0697,all
same_drug,0.1072,all
same_drug,0.0651,all
same_drug,0.0079,all
same_drug,0.0826,all
same_drug,0.0293,all
same_drug,0.0592,all
same_drug,0.0405,all
same_drug,0.0945,all
same_drug,0.5161,all
same_drug,0.0152,all
same_drug,0.0762,all
same_drug,0.0516,all
same_drug,0.0741,all
same_drug,0.2151,all
same_drug,0.0443,all
same_drug,0.0622,all
same_drug,0.0746,all
same_drug,0.0901,all
same_drug,0.0513,all
same_drug,0.061,all
any_pair,0.3107,responder
any_pair,0.0125,responder
any_pair,0.0125,responder
any_pair,0.2089,responder
any_pair,0.2785,responder
any_pair,0.1393,responder
any_pair,0.1031,responder
any_pair,0.3512,responder
any_pair,0.2421,responder
any_pair,0.3098,responder
any_pair,0.1142,responder
any_pair,0.1202,responder
any_pair,0.0427,responder
any_pair,0.0721,responder
any_pair,0.4528,responder
any_pair,0.3889,responder
any_pair,0.1727,responder
any_pair,0.039,responder
any_pair,0.0963,responder
any_pair,0.0067,responder
any_pair,-0.0959,responder
any_pair,0.614,responder
any_pair,0.3889,responder
any_pair,0.0901,responder
any_pair,0.2197,responder
any_pair,0.1978,responder
any_pair,-0.05,responder
any_pair,-0.0245,responder
any_pair,0.3707,responder
any_pair,0.3159,responder
any_pair,0.1137,responder
any_pair,0.3187,responder
any_pair,0.0658,responder
any_pair,0.0183,responder
any_pair,0.2073,responder
any_pair,0.1441,responder
any_pair,0.4289,responder
any_pair,0.0569,responder
any_pair,0.0113,responder
any_pair,0.0313,responder
any_pair,0.3894,responder
any_pair,0.2917,responder
any_pair,-0.0249,responder
any_pair,0.2459,responder
any_pair,0.5304,responder
any_pair,0.1271,responder
any_pair,0.1455,responder
any_pair,0.1403,responder
any_pair,0.128,responder
any_pair,0.4971,responder
any_pair,0.1093,responder
any_pair,0.2999,responder
any_pair,0.1345,responder
any_pair,0.347,responder
any_pair,0.1724,responder
any_pair,0.1727,responder
any_pair,0.1611,responder
any_pair,0.3396,responder
any_pair,0.1242,responder
any_pair,0.2593,responder
any_pair,-0.0379,responder
any_pair,0.1298,responder
any_pair,0.2645,responder
any_pair,0.145,responder
any_pair,0.3649,responder
any_pair,0.3219,responder
any_pair,0.1172,responder
any_pair,0.0736,responder
any_pair,0.1288,responder
any_pair,0.0064,responder
any_pair,0.161,responder
any_pair,0.0559,responder
any_pair,0.1,responder
any_pair,0.188,responder
any_pair,0.1832,responder
any_pair,0.2959,responder
any_pair,0.5478,responder
any_pair,0.1635,responder
any_pair,0.1492,responder
any_pair,0.2086,responder
any_pair,0.1452,responder
any_pair,-0.0257,responder
any_pair,-0.0626,responder
any_pair,0.1243,responder
any_pair,0.1811,responder
any_pair,0.1569,responder
any_pair,-0.08,responder
any_pair,0.4385,responder
any_pair,0.332,responder
any_pair,0.1566,responder
any_pair,0.0652,responder
any_pair,0.224,responder
any_pair,0.1418,responder
any_pair,0.3163,responder
any_pair,0.2709,responder
any_pair,0.0004,responder
any_pair,0.4435,responder
any_pair,0.336,responder
any_pair,0.0459,responder
any_pair,0.2631,responder
any_pair,0.2989,responder
any_pair,-0.0045,responder
any_pair,0.1887,responder
any_pair,0.5231,responder
any_pair,0.2321,responder
any_pair,0.0451,responder
any_pair,0.4046,responder
any_pair,0.0945,responder
any_pair,0.1259,responder
any_pair,0.0749,responder
any_pair,0.1734,responder
any_pair,0.0598,responder
any_pair,0.3412,responder
any_pair,0.2759,responder
any_pair,0.1664,responder
any_pair,-0.0107,responder
any_pair,0.3964,responder
any_pair,0.046,responder
any_pair,-0.1866,responder
any_pair,0.3717,responder
any_pair,0.3283,responder
any_pair,0.2764,responder
any_pair,0.1195,responder
any_pair,0.2424,responder
any_pair,0.2188,responder
any_pair,0.0816,responder
any_pair,0.5133,responder
any_pair,0.1665,responder
any_pair,0.0678,responder
any_pair,0.2404,responder
any_pair,0.1127,responder
any_pair,0.2119,responder
any_pair,-0.0199,responder
any_pair,0.3563,responder
any_pair,-0.1197,responder
any_pair,0.2992,responder
any_pair,0.2979,responder
any_pair,0.2166,responder
any_pair,0.208,responder
any_pair,0.0747,responder
any_pair,0.152,responder
any_pair,0.1236,responder
any_pair,0.0044,responder
any_pair,0.0825,responder
any_pair,0.0378,responder
any_pair,0.0331,responder
any_pair,0.0799,responder
any_pair,0.166,responder
any_pair,0.1963,responder
any_pair,0.1766,responder
any_pair,0.1221,responder
any_pair,0.2315,responder
any_pair,0.2186,responder
any_pair,-0.1569,responder
any_pair,0.0099,responder
any_pair,0.2314,responder
any_pair,0.3437,responder
any_pair,-0.037,responder
any_pair,-0.0539,responder
any_pair,-0.0466,responder
any_pair,0.0298,responder
any_pair,0.0824,responder
any_pair,0.2668,responder
any_pair,0.1822,responder
any_pair,0.1856,responder
any_pair,0.3881,responder
any_pair,0.4322,responder
any_pair,0.2485,responder
any_pair,0.0737,responder
any_pair,0.1507,responder
any_pair,0.145,responder
any_pair,0.3199,responder
any_pair,0.1403,responder
any_pair,0.1136,responder
any_pair,0.2026,responder
any_pair,0.0692,responder
any_pair,0.2149,responder
any_pair,0.0456,responder
any_pair,0.1767,responder
any_pair,0.1919,responder
any_pair,0.6931,responder
any_pair,0.1405,responder
any_pair,0.564,responder
any_pair,0.2362,responder
any_pair,0.2519,responder
any_pair,0.0647,responder
any_pair,-0.0007,responder
any_pair,0.3895,responder
any_pair,0.2528,responder
any_pair,0.2578,responder
any_pair,0.0656,responder
any_pair,-0.1815,responder
any_pair,0.1851,responder
any_pair,0.1606,responder
any_pair,0.1165,responder
any_pair,0.0694,responder
any_pair,-0.0776,responder
any_pair,0.1788,responder
any_pair,0.2288,responder
any_pair,0.2665,responder
any_pair,0.0547,responder
any_pair,0.2637,responder
any_pair,-0.0034,responder
any_pair,0.0688,responder
any_pair,0.1427,responder
any_pair,0.2039,responder
any_pair,-0.1001,responder
any_pair,0.1695,responder
any_pair,0.346,responder
any_pair,0.2294,responder
any_pair,0.1103,responder
any_pair,0.2482,responder
any_pair,0.1873,responder
any_pair,0.1392,responder
any_pair,0.2762,responder
any_pair,0.5128,responder
any_pair,0.1707,responder
any_pair,0.0276,responder
any_pair,0.2601,responder
any_pair,0.0884,responder
any_pair,0.199,responder
any_pair,0.153,responder
any_pair,0.2484,responder
any_pair,0.0469,responder
any_pair,0.4321,responder
any_pair,0.3383,responder
any_pair,0.0295,responder
any_pair,0.2146,responder
any_pair,0.2092,responder
any_pair,0.4873,responder
any_pair,0.1602,responder
any_pair,0.2826,responder
any_pair,0.3076,responder
any_pair,0.3346,responder
any_pair,0.18,responder
any_pair,0.073,responder
any_pair,-0.0213,responder
any_pair,0.2579,responder
any_pair,0.2576,responder
any_pair,0.151,responder
any_pair,0.1827,responder
any_pair,0.1547,responder
any_pair,0.2113,responder
any_pair,0.2141,responder
any_pair,0.1549,responder
any_pair,0.371,responder
any_pair,0.1139,responder
any_pair,0.2255,responder
any_pair,0.0887,responder
any_pair,0.2085,responder
any_pair,0.2562,responder
any_pair,0.1394,responder
any_pair,0.0289,responder
any_pair,0.1158,responder
any_pair,0.0904,responder
any_pair,0.6443,responder
any_pair,0.0709,responder
any_pair,0.0518,responder
any_pair,0.3694,responder
any_pair,0.2149,responder
any_pair,0.1062,responder
any_pair,0.2796,responder
any_pair,0.1918,responder
any_pair,0.2775,responder
any_pair,0.0796,responder
any_pair,0.1477,responder
any_pair,0.3711,responder
any_pair,0.4879,responder
any_pair,0.5319,responder
any_pair,0.2926,responder
any_pair,0.072,responder
any_pair,0.0611,responder
any_pair,0.2963,responder
any_pair,-0.0264,responder
any_pair,-0.0633,responder
any_pair,0.0927,responder
any_pair,0.145,responder
any_pair,0.0891,responder
any_pair,-0.0248,responder
any_pair,0.1112,responder
any_pair,0.0382,responder
any_pair,0.1575,responder
any_pair,0.045,responder
any_pair,0.0989,responder
any_pair,0.2562,responder
any_pair,0.167,responder
any_pair,0.2764,responder
any_pair,-0.0176,responder
any_pair,0.1724,responder
any_pair,0.4334,responder
any_pair,0.1434,responder
any_pair,0.3112,responder
any_pair,0.1689,responder
any_pair,0.266,responder
any_pair,0.2417,responder
any_pair,-0.0065,responder
any_pair,0.234,responder
any_pair,0.1653,responder
any_pair,0.1444,responder
any_pair,0.2788,responder
any_pair,0.1216,responder
any_pair,0.2825,responder
any_pair,0.1543,responder
any_pair,-0.0059,responder
any_pair,0.4083,responder
any_pair,0.3102,responder
any_pair,-0.0708,responder
any_pair,0.2675,responder
any_pair,0.2379,responder
any_pair,0.1259,responder
any_pair,0.4983,responder
any_pair,0.1815,responder
any_pair,0.3008,responder
any_pair,0.4427,responder
any_pair,0.1069,responder
any_pair,0.2378,responder
any_pair,0.1142,responder
any_pair,0.3783,responder
any_pair,0.3303,responder
any_pair,0.1075,responder
any_pair,0.1089,responder
any_pair,0.0105,responder
any_pair,0.1978,responder
any_pair,0.2946,responder
any_pair,0.0971,responder
any_pair,0.2637,responder
any_pair,0.2172,responder
any_pair,0.2034,responder
any_pair,0.4878,responder
any_pair,-0.0069,responder
any_pair,0.1013,responder
any_pair,0.1719,responder
any_pair,0.4091,responder
any_pair,0.144,responder
any_pair,0.0404,responder
any_pair,0.4876,responder
any_pair,0.3112,responder
any_pair,0.1216,responder
any_pair,0.1622,responder
any_pair,0.2799,responder
any_pair,0.3739,responder
any_pair,0.0741,responder
any_pair,0.2663,responder
any_pair,0.4135,responder
any_pair,0.2889,responder
any_pair,0.3056,responder
any_pair,0.1206,responder
any_pair,0.1951,responder
any_pair,-0.1438,responder
any_pair,-0.0701,responder
any_pair,0.1955,responder
any_pair,0.1575,responder
any_pair,0.0897,responder
any_pair,0.0581,responder
any_pair,0.1954,responder
any_pair,0.2301,responder
any_pair,0.301,responder
any_pair,0.1299,responder
any_pair,0.3502,responder
any_pair,-0.0707,responder
any_pair,-0.0888,responder
any_pair,-0.0414,responder
any_pair,0.1312,responder
any_pair,0.1048,responder
any_pair,0.1353,responder
any_pair,0.2246,responder
any_pair,0.0869,responder
any_pair,-0.0524,responder
any_pair,0.3039,responder
any_pair,-0.1955,responder
any_pair,0.1801,responder
any_pair,0.2983,responder
any_pair,0.3751,responder
any_pair,0.1784,responder
any_pair,0.1772,responder
any_pair,0.1488,responder
any_pair,0.3571,responder
any_pair,0.2062,responder
any_pair,0.1796,responder
any_pair,0.3147,responder
any_pair,0.2395,responder
any_pair,0.3125,responder
any_pair,0.1929,responder
any_pair,-0.1294,responder
any_pair,0.115,responder
any_pair,0.105,responder
any_pair,0.2066,responder
any_pair,0.1736,responder
any_pair,0.0841,responder
any_pair,-0.0101,responder
any_pair,0.437,responder
any_pair,0.1301,responder
any_pair,0.2908,responder
any_pair,0.5854,responder
any_pair,0.2125,responder
any_pair,0.2256,responder
any_pair,0.0564,responder
any_pair,-0.0981,responder
any_pair,0.0994,responder
any_pair,-0.014,responder
any_pair,0.0942,responder
any_pair,0.0073,responder
any_pair,0.0914,responder
any_pair,0.1977,responder
any_pair,0.2298,responder
any_pair,0.1531,responder
any_pair,0.4652,responder
any_pair,0.0924,responder
any_pair,-0.0402,responder
any_pair,0.3862,responder
any_pair,0.124,responder
any_pair,0.2632,responder
any_pair,-0.072,responder
any_pair,0.1424,responder
any_pair,-0.0052,responder
any_pair,0.3318,responder
any_pair,0.2262,responder
any_pair,0.3142,responder
any_pair,0.0789,responder
any_pair,0.0595,responder
any_pair,0.2471,responder
any_pair,0.2681,responder
any_pair,0.0053,responder
any_pair,0.237,responder
any_pair,-0.0178,responder
any_pair,0.2298,responder
any_pair,0.2759,responder
any_pair,-0.005,responder
any_pair,0.1222,responder
any_pair,0.1319,responder
any_pair,0.1087,responder
any_pair,0.1267,responder
any_pair,0.4848,responder
any_pair,0.2691,responder
any_pair,0.4143,responder
any_pair,0.2648,responder
any_pair,0.1862,responder
any_pair,0.0133,responder
any_pair,0.2368,responder
any_pair,0.2692,responder
any_pair,0.1652,responder
any_pair,0.2736,responder
any_pair,0.1328,responder
any_pair,0.0538,responder
any_pair,0.3411,responder
any_pair,0.0377,responder
any_pair,0.1896,responder
any_pair,0.3476,responder
any_pair,0.2283,responder
any_pair,0.1085,responder
any_pair,0.2751,responder
any_pair,0.366,responder
any_pair,0.0561,responder
any_pair,0.0891,responder
any_pair,0.1528,responder
any_pair,0.1168,responder
any_pair,0.625,responder
any_pair,0.0413,responder
any_pair,0.1895,responder
any_pair,0.2477,responder
any_pair,0.0085,responder
any_pair,-0.0309,responder
any_pair,-0.0769,responder
diff_drug,-0.0184,responder
diff_drug,0.1035,responder
diff_drug,0.0649,responder
diff_drug,0.2869,responder
diff_drug,0.5003,responder
diff_drug,0.051,responder
diff_drug,0.5247,responder
diff_drug,0.2151,responder
diff_drug,0.145,responder
diff_drug,0.0558,responder
diff_drug,0.2573,responder
diff_drug,-0.0532,responder
diff_drug,0.0582,responder
diff_drug,-0.0705,responder
diff_drug,0.0285,responder
diff_drug,0.092,responder
diff_drug,0.2105,responder
diff_drug,0.1802,responder
diff_drug,0.0979,responder
diff_drug,0.0291,responder
diff_drug,0.2409,responder
diff_drug,0.3029,responder
diff_drug,0.4844,responder
diff_drug,0.1541,responder
diff_drug,0.0605,responder
diff_drug,0.2236,responder
diff_drug,0.538,responder
diff_drug,0.2913,responder
diff_drug,0.0549,responder
diff_drug,0.0702,responder
diff_drug,0.2229,responder
diff_drug,0.3297,responder
diff_drug,0.227,responder
diff_drug,0.2269,responder
diff_drug,0.0507,responder
diff_drug,0.2382,responder
diff_drug,0.4637,responder
diff_drug,0.1025,responder
diff_drug,0.2201,responder
diff_drug,0.038,responder
diff_drug,0.2846,responder
diff_drug,0.2089,responder
diff_drug,0.0162,responder
diff_drug,0.1652,responder
diff_drug,0.1188,responder
diff_drug,0.0832,responder
diff_drug,0.0761,responder
diff_drug,0.1395,responder
diff_drug,0.2005,responder
diff_drug,0.5111,responder
diff_drug,0.2774,responder
diff_drug,0.3276,responder
diff_drug,0.0472,responder
diff_drug,0.0579,responder
diff_drug,0.2975,responder
diff_drug,0.2,responder
diff_drug,0.2956,responder
diff_drug,0.1639,responder
diff_drug,0.2507,responder
diff_drug,0.2651,responder
diff_drug,-0.0197,responder
diff_drug,0.0466,responder
diff_drug,0.1743,responder
diff_drug,0.0341,responder
diff_drug,0.079,responder
diff_drug,0.146,responder
diff_drug,0.1141,responder
diff_drug,0.2214,responder
diff_drug,0.0754,responder
diff_drug,0.0016,responder
diff_drug,0.283,responder
diff_drug,0.3438,responder
diff_drug,0.281,responder
diff_drug,0.1962,responder
diff_drug,0.0319,responder
diff_drug,0.4929,responder
diff_drug,0.0946,responder
diff_drug,0.1268,responder
diff_drug,0.0179,responder
diff_drug,0.3784,responder
diff_drug,0.2762,responder
diff_drug,0.0387,responder
diff_drug,0.2677,responder
diff_drug,0.4169,responder
diff_drug,0.1202,responder
diff_drug,0.2451,responder
diff_drug,0.0545,responder
diff_drug,0.0123,responder
diff_drug,0.2249,responder
diff_drug,0.2571,responder
diff_drug,0.0891,responder
diff_drug,0.09,responder
diff_drug,0.0949,responder
diff_drug,0.1308,responder
diff_drug,0.1275,responder
diff_drug,0.2278,responder
diff_drug,0.5175,responder
diff_drug,0.2177,responder
diff_drug,0.1579,responder
diff_drug,0.2627,responder
diff_drug,0.3322,responder
diff_drug,0.033,responder
diff_drug,0.0736,responder
diff_drug,0.0722,responder
diff_drug,0.281,responder
diff_drug,0.2314,responder
diff_drug,0.0856,responder
diff_drug,0.1915,responder
diff_drug,0.1447,responder
diff_drug,0.2729,responder
diff_drug,-0.0013,responder
diff_drug,0.2654,responder
diff_drug,-0.0346,responder
diff_drug,0.0982,responder
diff_drug,0.4779,responder
diff_drug,-0.0567,responder
diff_drug,0.0557,responder
diff_drug,-0.1526,responder
diff_drug,0.1309,responder
diff_drug,0.1743,responder
diff_drug,-0.0321,responder
diff_drug,0.1168,responder
diff_drug,0.0405,responder
diff_drug,0.0267,responder
diff_drug,0.236,responder
diff_drug,0.2347,responder
diff_drug,0.2668,responder
diff_drug,0.0832,responder
diff_drug,0.21,responder
diff_drug,0.3638,responder
diff_drug,0.0963,responder
diff_drug,0.1526,responder
diff_drug,-0.1029,responder
diff_drug,0.0133,responder
diff_drug,0.5826,responder
diff_drug,0.2094,responder
diff_drug,0.0486,responder
diff_drug,0.5377,responder
diff_drug,0.292,responder
diff_drug,0.0982,responder
diff_drug,0.2103,responder
diff_drug,0.1231,responder
diff_drug,0.1839,responder
diff_drug,0.0368,responder
diff_drug,0.2851,responder
diff_drug,0.4043,responder
diff_drug,0.1818,responder
diff_drug,0.0905,responder
diff_drug,0.3813,responder
diff_drug,-0.0685,responder
diff_drug,0.1047,responder
diff_drug,-0.0477,responder
diff_drug,0.2708,responder
diff_drug,0.3119,responder
diff_drug,0.3696,responder
diff_drug,0.3463,responder
diff_drug,0.1853,responder
diff_drug,0.1282,responder
diff_drug,0.5661,responder
diff_drug,0.2458,responder
diff_drug,0.1089,responder
diff_drug,0.175,responder
diff_drug,0.2208,responder
diff_drug,0.1774,responder
diff_drug,0.0353,responder
diff_drug,0.1478,responder
diff_drug,0.1115,responder
diff_drug,0.1767,responder
diff_drug,0.2157,responder
diff_drug,0.0144,responder
diff_drug,0.2595,responder
diff_drug,0.4299,responder
diff_drug,0.2279,responder
diff_drug,0.2242,responder
diff_drug,0.2475,responder
diff_drug,0.1662,responder
diff_drug,-0.1291,responder
diff_drug,0.1966,responder
diff_drug,-0.0361,responder
diff_drug,0.1167,responder
diff_drug,0.095,responder
diff_drug,0.3587,responder
diff_drug,-0.0624,responder
diff_drug,-0.0049,responder
diff_drug,0.1256,responder
diff_drug,0.3828,responder
diff_drug,0.328,responder
diff_drug,0.1241,responder
diff_drug,0.0387,responder
diff_drug,0.2663,responder
diff_drug,0.1436,responder
diff_drug,0.2977,responder
diff_drug,0.2575,responder
diff_drug,-0.0814,responder
diff_drug,0.2528,responder
diff_drug,0.2018,responder
diff_drug,0.0407,responder
diff_drug,0.0761,responder
diff_drug,0.0128,responder
diff_drug,0.1987,responder
diff_drug,-0.065,responder
diff_drug,0.1262,responder
diff_drug,0.27,responder
diff_drug,0.2965,responder
diff_drug,0.3025,responder
diff_drug,-0.03,responder
diff_drug,0.2828,responder
diff_drug,0.1052,responder
diff_drug,0.4019,responder
diff_drug,-0.0267,responder
diff_drug,0.0922,responder
diff_drug,0.1906,responder
diff_drug,0.0993,responder
diff_drug,0.2029,responder
diff_drug,-0.127,responder
diff_drug,0.2483,responder
diff_drug,0.145,responder
diff_drug,0.2092,responder
diff_drug,0.0373,responder
diff_drug,0.0699,responder
diff_drug,0.2127,responder
diff_drug,0.0437,responder
diff_drug,0.3637,responder
diff_drug,0.0435,responder
diff_drug,0.1742,responder
diff_drug,-0.0799,responder
diff_drug,0.0125,responder
diff_drug,0.1489,responder
diff_drug,0.1854,responder
diff_drug,-0.07,responder
diff_drug,0.1356,responder
diff_drug,0.3734,responder
diff_drug,0.0963,responder
diff_drug,0.2149,responder
diff_drug,0.544,responder
diff_drug,0.2681,responder
diff_drug,0.0218,responder
diff_drug,0.1426,responder
diff_drug,0.1023,responder
diff_drug,0.2852,responder
diff_drug,0.1797,responder
diff_drug,0.4418,responder
diff_drug,0.4114,responder
diff_drug,0.2862,responder
diff_drug,0.3052,responder
diff_drug,0.5515,responder
diff_drug,0.1413,responder
diff_drug,0.2005,responder
diff_drug,0.2633,responder
diff_drug,0.4037,responder
diff_drug,0.2812,responder
diff_drug,0.2888,responder
diff_drug,0.0756,responder
diff_drug,0.2715,responder
diff_drug,0.1755,responder
diff_drug,0.1648,responder
diff_drug,-0.009,responder
diff_drug,0.2585,responder
diff_drug,0.3373,responder
diff_drug,0.1794,responder
diff_drug,0.0712,responder
diff_drug,0.0699,responder
diff_drug,0.0735,responder
diff_drug,0.1266,responder
diff_drug,0.0439,responder
diff_drug,0.1513,responder
diff_drug,0.0992,responder
diff_drug,0.0395,responder
diff_drug,0.0782,responder
diff_drug,0.0174,responder
diff_drug,-0.0313,responder
diff_drug,0.0357,responder
diff_drug,0.1098,responder
diff_drug,-0.1835,responder
diff_drug,0.2653,responder
diff_drug,0.0866,responder
diff_drug,0.0918,responder
diff_drug,-0.0075,responder
diff_drug,0.1032,responder
diff_drug,0.3094,responder
diff_drug,0.2399,responder
diff_drug,-0.3644,responder
diff_drug,0.3735,responder
diff_drug,0.2246,responder
diff_drug,-0.0061,responder
diff_drug,0.2362,responder
diff_drug,-0.0867,responder
diff_drug,0.2459,responder
diff_drug,0.1405,responder
diff_drug,0.2833,responder
diff_drug,0.0126,responder
diff_drug,0.3768,responder
diff_drug,0.4544,responder
diff_drug,0.2811,responder
diff_drug,0.0689,responder
diff_drug,0.2428,responder
diff_drug,0.3204,responder
diff_drug,0.1103,responder
diff_drug,0.0664,responder
diff_drug,0.2798,responder
diff_drug,0.1249,responder
diff_drug,0.4162,responder
diff_drug,0.0604,responder
diff_drug,0.0875,responder
diff_drug,-0.0309,responder
diff_drug,0.0353,responder
diff_drug,0.479,responder
diff_drug,0.2889,responder
diff_drug,0.5292,responder
diff_drug,0.1291,responder
diff_drug,0.227,responder
diff_drug,0.4435,responder
diff_drug,0.1144,responder
diff_drug,-0.0051,responder
diff_drug,0.0464,responder
diff_drug,0.3411,responder
diff_drug,0.2005,responder
diff_drug,0.2204,responder
diff_drug,0.2024,responder
diff_drug,0.0826,responder
diff_drug,0.0859,responder
diff_drug,0.2528,responder
diff_drug,0.0822,responder
diff_drug,0.6144,responder
diff_drug,0.4686,responder
diff_drug,0.0034,responder
diff_drug,0.2781,responder
diff_drug,0.1871,responder
diff_drug,0.437,responder
diff_drug,0.2892,responder
diff_drug,0.0091,responder
diff_drug,-0.0571,responder
diff_drug,0.3556,responder
diff_drug,0.2569,responder
diff_drug,0.3495,responder
diff_drug,0.2428,responder
diff_drug,0.5218,responder
diff_drug,0.1974,responder
diff_drug,0.2337,responder
diff_drug,-0.0793,responder
diff_drug,0.1698,responder
diff_drug,0.2684,responder
diff_drug,0.1398,responder
diff_drug,0.0061,responder
diff_drug,0.2186,responder
diff_drug,0.4339,responder
diff_drug,0.18,responder
diff_drug,0.2592,responder
diff_drug,-0.0586,responder
diff_drug,0.2553,responder
diff_drug,-0.0758,responder
diff_drug,-0.025,responder
diff_drug,0.0471,responder
diff_drug,0.4219,responder
diff_drug,0.1388,responder
diff_drug,0.2219,responder
diff_drug,0.3233,responder
diff_drug,0.3807,responder
diff_drug,0.045,responder
diff_drug,0.2373,responder
diff_drug,0.2854,responder
diff_drug,0.3651,responder
diff_drug,0.182,responder
diff_drug,0.1798,responder
diff_drug,0.0889,responder
diff_drug,0.1986,responder
diff_drug,0.194,responder
diff_drug,0.1394,responder
diff_drug,0.0633,responder
diff_drug,0.3393,responder
diff_drug,0.2014,responder
diff_drug,0.4721,responder
diff_drug,0.1988,responder
diff_drug,0.1023,responder
diff_drug,0.1493,responder
diff_drug,0.0585,responder
diff_drug,0.0241,responder
diff_drug,-0.0244,responder
diff_drug,0.4665,responder
diff_drug,-0.0531,responder
diff_drug,0.0911,responder
diff_drug,0.109,responder
diff_drug,-0.155,responder
diff_drug,0.3917,responder
diff_drug,0.2418,responder
diff_drug,0.2025,responder
diff_drug,0.1173,responder
diff_drug,0.2016,responder
diff_drug,-0.0331,responder
diff_drug,0.0726,responder
diff_drug,-0.0365,responder
diff_drug,0.199,responder
diff_drug,0.1251,responder
diff_drug,0.4099,responder
diff_drug,0.1267,responder
diff_drug,0.1966,responder
diff_drug,0.079,responder
diff_drug,0.0664,responder
diff_drug,0.2409,responder
diff_drug,0.2495,responder
diff_drug,0.1721,responder
diff_drug,-0.0729,responder
diff_drug,-0.1154,responder
diff_drug,0.234,responder
diff_drug,0.3223,responder
diff_drug,0.2131,responder
diff_drug,0.2103,responder
diff_drug,0.1176,responder
diff_drug,0.6177,responder
diff_drug,0.3167,responder
diff_drug,0.0342,responder
diff_drug,0.0614,responder
diff_drug,0.249,responder
diff_drug,0.2758,responder
diff_drug,0.3912,responder
diff_drug,-0.1452,responder
diff_drug,0.5435,responder
diff_drug,0.3947,responder
diff_drug,0.1671,responder
diff_drug,0.1324,responder
diff_drug,0.4889,responder
diff_drug,0.1467,responder
diff_drug,0.3456,responder
diff_drug,0.1719,responder
diff_drug,0.1968,responder
diff_drug,0.0255,responder
diff_drug,-0.0124,responder
diff_drug,0.2177,responder
diff_drug,-0.0967,responder
diff_drug,0.1651,responder
diff_drug,0.1264,responder
diff_drug,0.4353,responder
diff_drug,0.3301,responder
diff_drug,0.4897,responder
diff_drug,0.0895,responder
diff_drug,0.3627,responder
diff_drug,0.1801,responder
diff_drug,0.1583,responder
diff_drug,0.1673,responder
diff_drug,0.2336,responder
diff_drug,0.2102,responder
diff_drug,0.2052,responder
diff_drug,0.1468,responder
diff_drug,-0.0572,responder
diff_drug,0.1787,responder
diff_drug,0.074,responder
diff_drug,0.3588,responder
diff_drug,0.1699,responder
diff_drug,0.646,responder
diff_drug,0.0146,responder
diff_drug,0.1092,responder
diff_drug,0.0282,responder
diff_drug,0.0667,responder
diff_drug,0.2413,responder
diff_drug,0.5455,responder
same_drug,0.4554,responder
same_drug,0.0378,responder
same_drug,0.1513,responder
same_drug,0.5898,responder
same_drug,0.0817,responder
same_drug,0.3824,responder
same_drug,0.5062,responder
same_drug,0.1059,responder
same_drug,0.4561,responder
same_drug,0.1209,responder
same_drug,0.1076,responder
same_drug,0.3195,responder
same_drug,0.1092,responder
same_drug,0.4471,responder
same_drug,0.2925,responder
same_drug,0.5172,responder
same_drug,0.4398,responder
same_drug,0.3661,responder
same_drug,0.1544,responder
same_drug,0.6287,responder
same_drug,0.7052,responder
same_drug,0.2898,responder
same_drug,0.4818,responder
same_drug,0.4028,responder
same_drug,0.255,responder
same_drug,0.1206,responder
same_drug,0.283,responder
same_drug,0.5283,responder
same_drug,0.5977,responder
same_drug,0.2121,responder
same_drug,0.029,responder
same_drug,0.3794,responder
same_drug,-0.027,responder
same_drug,0.3895,responder
same_drug,0.5117,responder
same_drug,0.3058,responder
same_drug,0.0137,responder
same_drug,0.0849,responder
same_drug,0.3477,responder
same_drug,0.4053,responder
same_drug,0.3767,responder
same_drug,0.7188,responder
same_drug,0.1719,responder
same_drug,0.1697,responder
same_drug,0.3578,responder
same_drug,0.2746,responder
same_drug,0.5083,responder
same_drug,0.1514,responder
same_drug,0.2782,responder
same_drug,0.0421,responder
same_drug,0.2835,responder
same_drug,-0.1504,responder
same_drug,0.3189,responder
same_drug,0.3571,responder
same_drug,0.4567,responder
same_drug,0.0736,responder
same_drug,0.0744,responder
same_drug,-0.0714,responder
same_drug,0.1267,responder
same_drug,0.3077,responder
same_drug,0.0101,responder
same_drug,0.3317,responder
same_drug,0.4109,responder
same_drug,0.6338,responder
same_drug,0.4789,responder
same_drug,0.3097,responder
same_drug,0.5448,responder
same_drug,0.7921,responder
same_drug,0.6026,responder
same_drug,0.4885,responder
same_drug,0.1618,responder
same_drug,0.3558,responder
same_drug,0.2267,responder
same_drug,0.4738,responder
same_drug,0.1735,responder
same_drug,0.4517,responder
same_drug,0.2218,responder
same_drug,0.1233,responder
same_drug,0.2711,responder
same_drug,0.1611,responder
same_drug,0.0697,responder
same_drug,0.6626,responder
same_drug,0.282,responder
same_drug,0.4031,responder
same_drug,0.6597,responder
same_drug,0.3573,responder
same_drug,0.5831,responder
same_drug,0.1205,responder
same_drug,0.5595,responder
same_drug,0.1812,responder
same_drug,0.4515,responder
same_drug,0.2168,responder
same_drug,0.299,responder
same_drug,0.6594,responder
same_drug,0.0936,responder
same_drug,0.3606,responder
same_drug,0.2821,responder
same_drug,0.113,responder
same_drug,0.3288,responder
same_drug,0.4,responder
same_drug,0.0718,responder
same_drug,0.6637,responder
same_drug,0.2434,responder
same_drug,0.0993,responder
same_drug,0.1262,responder
same_drug,0.3809,responder
same_drug,0.6833,responder
same_drug,0.4346,responder
same_drug,0.7811,responder
same_drug,0.6028,responder
same_drug,0.6958,responder
same_drug,0.766,responder
same_drug,0.6376,responder
same_drug,0.6541,responder
same_drug,0.2721,responder
same_drug,0.2986,responder
same_drug,0.2955,responder
same_drug,0.3618,responder
same_drug,0.4479,responder
same_drug,0.7184,responder
same_drug,0.0679,responder
same_drug,0.4808,responder
same_drug,0.3199,responder
same_drug,-0.0632,responder
same_drug,0.2755,responder
same_drug,0.5932,responder
same_drug,0.4257,responder
same_drug,0.4476,responder
same_drug,0.4309,responder
same_drug,0.665,responder
same_drug,0.4352,responder
same_drug,0.0105,responder
same_drug,0.2794,responder
same_drug,0.0337,responder
same_drug,0.4686,responder
same_drug,0.0607,responder
same_drug,0.4971,responder
same_drug,0.0886,responder
same_drug,0.2952,responder
same_drug,0.3025,responder
same_drug,0.4978,responder
same_drug,0.336,responder
same_drug,0.324,responder
same_drug,0.3458,responder
same_drug,0.6824,responder
same_drug,0.2463,responder
same_drug,0.2007,responder
same_drug,0.2766,responder
same_drug,0.4699,responder
same_drug,0.7055,responder
same_drug,0.7031,responder
same_drug,0.4309,responder
same_drug,0.6071,responder
same_drug,0.3764,responder
same_drug,0.5222,responder
same_drug,0.5376,responder
same_drug,0.1298,responder
same_drug,0.3015,responder
same_drug,0.5037,responder
same_drug,0.0196,responder
same_drug,0.2135,responder
same_drug,0.1506,responder
same_drug,0.36,responder
same_drug,0.6406,responder
same_drug,0.6147,responder
same_drug,0.1801,responder
same_drug,0.389,responder
same_drug,0.3416,responder
same_drug,0.2044,responder
same_drug,0.4051,responder
same_drug,0.3763,responder
same_drug,0.2098,responder
same_drug,0.1591,responder
same_drug,0.4238,responder
same_drug,0.5539,responder
same_drug,0.2038,responder
same_drug,0.4444,responder
same_drug,0.3171,responder
same_drug,0.4323,responder
same_drug,0.1248,responder
same_drug,0.0475,responder
same_drug,0.2959,responder
same_drug,0.1303,responder
same_drug,0.4295,responder
same_drug,0.3078,responder
same_drug,0.5669,responder
same_drug,0.4947,responder
same_drug,0.3639,responder
same_drug,0.6462,responder
same_drug,0.2575,responder
same_drug,0.554,responder
same_drug,0.3447,responder
same_drug,0.2455,responder
same_drug,0.021,responder
same_drug,0.7438,responder
same_drug,0.4494,responder
same_drug,0.4364,responder
same_drug,0.3077,responder
same_drug,0.5367,responder
same_drug,0.381,responder
same_drug,0.5193,responder
same_drug,0.5589,responder
same_drug,0.0949,responder
same_drug,0.4286,responder
same_drug,0.1967,responder
same_drug,0.5902,responder
same_drug,0.0097,responder
same_drug,0.0948,responder
same_drug,0.4641,responder
same_drug,0.3187,responder
same_drug,0.1524,responder
same_drug,0.1115,responder
same_drug,0.5449,responder
same_drug,0.598,responder
same_drug,0.4999,responder
same_drug,0.3947,responder
same_drug,0.5009,responder
same_drug,0.5146,responder
same_drug,0.2119,responder
same_drug,0.5874,responder
same_drug,0.2878,responder
same_drug,0.4428,responder
same_drug,0.3472,responder
same_drug,0.6853,responder
same_drug,0.3995,responder
same_drug,0.4719,responder
same_drug,0.3308,responder
same_drug,0.3587,responder
same_drug,0.4339,responder
same_drug,0.3867,responder
same_drug,0.3688,responder
same_drug,0.3631,responder
same_drug,0.1083,responder
same_drug,0.2478,responder
same_drug,0.4287,responder
same_drug,0.5304,responder
same_drug,0.442,responder
same_drug,0.1986,responder
same_drug,0.3187,responder
same_drug,0.6489,responder
same_drug,0.4136,responder
same_drug,0.1304,responder
same_drug,0.0168,responder
same_drug,0.4716,responder
same_drug,0.6023,responder
same_drug,0.4512,responder
same_drug,0.3497,responder
same_drug,0.2149,responder
same_drug,0.4849,responder
same_drug,0.4367,responder
same_drug,0.5049,responder
same_drug,0.4734,responder
same_drug,0.3849,responder
same_drug,0.6094,responder
same_drug,0.4821,responder
same_drug,0.1305,responder
same_drug,0.5555,responder
same_drug,0.4267,responder
same_drug,0.3197,responder
same_drug,0.3757,responder
same_drug,0.3091,responder
same_drug,0.6372,responder
same_drug,0.0531,responder
same_drug,0.4715,responder
same_drug,0.3371,responder
same_drug,0.3658,responder
same_drug,0.1432,responder
same_drug,0.2593,responder
same_drug,0.5751,responder
same_drug,0.0948,responder
same_drug,0.4436,responder
same_drug,0.6113,responder
same_drug,0.1422,responder
same_drug,0.3665,responder
same_drug,0.2066,responder
same_drug,0.2817,responder
same_drug,0.4209,responder
same_drug,0.699,responder
same_drug,0.5985,responder
same_drug,0.4331,responder
same_drug,0.2895,responder
same_drug,0.3014,responder
same_drug,0.1803,responder
same_drug,0.2541,responder
same_drug,0.3316,responder
same_drug,0.2706,responder
same_drug,0.2294,responder
same_drug,0.3513,responder
same_drug,0.1657,responder
same_drug,0.034,responder
same_drug,0.329,responder
same_drug,0.3748,responder
same_drug,0.6137,responder
same_drug,0.5787,responder
same_drug,0.2065,responder
same_drug,0.4485,responder
same_drug,0.5899,responder
same_drug,0.6005,responder
same_drug,0.0994,responder
same_drug,0.4568,responder
same_drug,0.1825,responder
same_drug,0.1072,responder
same_drug,0.5106,responder
same_drug,0.5649,responder
same_drug,0.2694,responder
same_drug,0.278,responder
same_drug,0.3423,responder
same_drug,0.3922,responder
same_drug,0.1221,responder
same_drug,0.2267,responder
same_drug,0.4097,responder
same_drug,-0.1436,responder
same_drug,0.4484,responder
same_drug,0.845,responder
same_drug,0.3689,responder
same_drug,0.2015,responder
same_drug,0.3833,responder
same_drug,0.4128,responder
same_drug,0.1591,responder
same_drug,0.3533,responder
same_drug,0.6126,responder
same_drug,0.6409,responder
same_drug,0.7552,responder
same_drug,0.6326,responder
same_drug,0.4856,responder
same_drug,0.2807,responder
same_drug,0.3604,responder
same_drug,0.5522,responder
same_drug,0.3579,responder
same_drug,0.1163,responder
same_drug,0.3397,responder
same_drug,0.7385,responder
same_drug,0.3836,responder
same_drug,0.7919,responder
same_drug,0.1718,responder
same_drug,0.4308,responder
same_drug,0.423,responder
same_drug,0.1936,responder
same_drug,0.2028,responder
same_drug,0.5349,responder
same_drug,0.3784,responder
same_drug,0.2772,responder
same_drug,0.3726,responder
same_drug,0.263,responder
same_drug,0.1447,responder
same_drug,0.1444,responder
same_drug,0.5415,responder
same_drug,0.2702,responder
same_drug,0.4603,responder
same_drug,0.6273,responder
same_drug,0.2317,responder
same_drug,0.522,responder
same_drug,0.4295,responder
same_drug,0.4367,responder
same_drug,0.4425,responder
same_drug,-0.0629,responder
same_drug,0.1654,responder
same_drug,0.3394,responder
same_drug,0.2886,responder
same_drug,0.305,responder
same_drug,0.2577,responder
same_drug,0.405,responder
same_drug,0.41,responder
same_drug,0.3508,responder
same_drug,0.4013,responder
same_drug,0.6624,responder
same_drug,0.5975,responder
same_drug,0.5245,responder
same_drug,0.5624,responder
same_drug,0.5559,responder
same_drug,0.2535,responder
same_drug,0.5759,responder
same_drug,0.3164,responder
same_drug,0.5791,responder
same_drug,0.6311,responder
same_drug,0.4735,responder
same_drug,0.1037,responder
same_drug,0.4368,responder
same_drug,0.1812,responder
same_drug,0.557,responder
same_drug,0.522,responder
same_drug,0.498,responder
same_drug,0.4078,responder
same_drug,0.5734,responder
same_drug,0.689,responder
same_drug,0.2876,responder
same_drug,0.003,responder
same_drug,0.3409,responder
same_drug,0.1614,responder
same_drug,0.2235,responder
same_drug,0.55,responder
same_drug,0.2177,responder
same_drug,0.4538,responder
same_drug,0.5146,responder
same_drug,0.7202,responder
same_drug,0.2504,responder
same_drug,0.4671,responder
same_drug,0.6183,responder
same_drug,0.4453,responder
same_drug,0.4395,responder
same_drug,0.5739,responder
same_drug,0.1282,responder
same_drug,0.7072,responder
same_drug,0.4002,responder
same_drug,0.2052,responder
same_drug,0.2367,responder
same_drug,0.0532,responder
same_drug,0.3867,responder
same_drug,0.3137,responder
same_drug,0.0203,responder
same_drug,0.6635,responder
same_drug,0.472,responder
same_drug,0.0432,responder
same_drug,0.5209,responder
same_drug,0.3023,responder
same_drug,0.1133,responder
same_drug,0.22,responder
same_drug,0.0211,responder
same_drug,0.2763,responder
same_drug,0.5959,responder
same_drug,0.172,responder
same_drug,0.4182,responder
same_drug,0.4115,responder
same_drug,0.4382,responder
same_drug,0.452,responder
same_drug,0.2847,responder
same_drug,0.4154,responder
same_drug,0.1083,responder
same_drug,0.5452,responder
same_drug,0.5273,responder
same_drug,0.3932,responder
same_drug,0.2651,responder
same_drug,0.2783,responder
same_drug,0.2952,responder
same_drug,0.2941,responder
same_drug,0.7032,responder
same_drug,0.3269,responder
same_drug,0.4901,responder
same_drug,0.5405,responder
same_drug,0.3848,responder
same_drug,0.1886,responder
same_drug,0.4197,responder
same_drug,0.566,responder
same_drug,0.5908,responder
same_drug,0.5021,responder
same_drug,0.6532,responder
same_drug,0.6311,responder
same_drug,0.6002,responder
same_drug,0.4252,responder
same_drug,0.4581,responder
same_drug,0.3338,responder
same_drug,0.371,responder
same_drug,0.2391,responder
same_drug,0.0936,responder
same_drug,0.5379,responder
