source,method,global,interaction,perdrug,p_label,null_p95,null_sd,regret@1,regret@3,n,z_random,p_random,random_mean,n_random_draws
aligned,en,0.614,0.001,-0.139,0.4855,0.058,0.036,0.287,0.097,1249.0,-0.04,0.4762,0.003,20.0
aligned,l1,0.62,0.025,-0.152,0.2458,0.055,0.034,0.281,0.099,1249.0,0.69,0.2857,0.0,20.0
aligned,l2,0.617,0.043,-0.112,0.1249,0.061,0.037,0.279,0.091,1249.0,0.47,0.2857,0.019,20.0
aligned_random,en,0.602,-0.032,-0.207,0.7962,0.06,0.037,0.3,0.105,1249.0,,,,
aligned_random,l1,0.601,-0.039,-0.206,0.8462,0.06,0.037,0.301,0.105,1249.0,,,,
aligned_random,l2,0.617,-0.067,-0.251,0.985,0.05,0.032,0.26,0.097,1249.0,,,,
base,en,0.609,-0.049,-0.238,0.9401,0.056,0.033,0.27,0.102,1249.0,-0.56,0.7143,-0.018,20.0
base,l1,0.61,-0.046,-0.238,0.9441,0.054,0.032,0.27,0.111,1249.0,-0.57,0.7143,-0.012,20.0
base,l2,0.636,0.137,0.007,0.001,0.057,0.036,0.256,0.114,1249.0,2.66,0.0476,-0.009,20.0
base_random,en,0.612,-0.018,-0.224,0.7033,0.057,0.034,0.263,0.104,1249.0,,,,
base_random,l1,0.611,-0.029,-0.221,0.7892,0.062,0.037,0.263,0.096,1249.0,,,,
base_random,l2,0.619,-0.048,-0.277,0.9171,0.059,0.035,0.259,0.115,1249.0,,,,
expr,en,0.607,0.06,-0.175,0.0709,0.067,0.039,0.307,0.122,1249.0,1.39,0.1429,-0.01,20.0
expr,l1,0.605,0.035,-0.205,0.1668,0.058,0.036,0.332,0.129,1249.0,0.95,0.2381,-0.012,20.0
expr,l2,0.552,0.007,-0.146,0.4206,0.06,0.035,0.318,0.116,1249.0,0.47,0.3333,-0.021,20.0
expr_random,en,0.615,0.062,-0.21,0.0509,0.062,0.039,0.269,0.094,1249.0,,,,
expr_random,l1,0.615,0.063,-0.202,0.036,0.06,0.039,0.269,0.101,1249.0,,,,
expr_random,l2,0.617,-0.056,-0.296,0.8941,0.071,0.042,0.274,0.088,1249.0,,,,
knn,en,0.607,0.014,-0.217,0.3447,0.059,0.036,0.271,0.109,1249.0,0.27,0.381,0.001,20.0
knn,l1,0.606,0.013,-0.217,0.3576,0.059,0.036,0.271,0.109,1249.0,0.13,0.381,0.007,20.0
knn,l2,0.61,-0.009,-0.202,0.5774,0.068,0.041,0.267,0.097,1249.0,0.25,0.381,-0.022,20.0
knn_random,en,0.608,-0.054,-0.246,0.9271,0.061,0.037,0.292,0.107,1249.0,,,,
knn_random,l1,0.608,-0.051,-0.238,0.9211,0.061,0.037,0.292,0.107,1249.0,,,,
knn_random,l2,0.618,-0.064,-0.288,0.957,0.056,0.037,0.271,0.098,1249.0,,,,
measured_delta,en,0.624,0.015,-0.172,0.3487,0.063,0.038,0.269,0.101,1249.0,0.06,0.4762,0.012,20.0
measured_delta,l1,0.626,-0.026,-0.17,0.7453,0.06,0.037,0.269,0.101,1249.0,-0.9,0.7619,0.012,20.0
measured_delta,l2,0.621,0.071,-0.19,0.019,0.059,0.036,0.315,0.09,1249.0,1.56,0.0952,-0.01,20.0
measured_delta_random,en,0.601,-0.023,-0.22,0.7413,0.056,0.036,0.251,0.111,1249.0,,,,
measured_delta_random,l1,0.6,-0.034,-0.217,0.8242,0.061,0.037,0.255,0.111,1249.0,,,,
measured_delta_random,l2,0.621,0.047,-0.241,0.1179,0.064,0.039,0.26,0.132,1249.0,,,,
nmf,en,0.613,0.038,-0.175,0.1259,0.054,0.033,0.261,0.114,1249.0,1.39,0.0952,-0.012,20.0
nmf,l1,0.614,0.056,-0.156,0.044,0.053,0.033,0.261,0.114,1249.0,2.18,0.0476,-0.02,20.0
nmf,l2,0.604,0.031,-0.185,0.2038,0.057,0.037,0.285,0.098,1249.0,0.94,0.2381,-0.012,20.0
nmf_random,en,0.618,0.001,-0.19,0.5015,0.071,0.042,0.27,0.123,1249.0,,,,
nmf_random,l1,0.616,-0.039,-0.216,0.8322,0.071,0.042,0.286,0.126,1249.0,,,,
nmf_random,l2,0.626,0.084,-0.115,0.014,0.064,0.039,0.254,0.12,1249.0,,,,
observed_delta,en,0.617,0.042,-0.208,0.1259,0.06,0.037,0.254,0.097,1249.0,0.77,0.1905,0.001,20.0
observed_delta,l1,0.611,0.083,-0.13,0.018,0.068,0.042,0.34,0.111,1249.0,1.54,0.0952,0.006,20.0
observed_delta,l2,0.621,0.0,-0.285,0.4885,0.071,0.046,0.26,0.097,1249.0,0.16,0.4762,-0.006,20.0
observed_delta_random,en,0.615,-0.024,-0.173,0.7532,0.062,0.039,0.304,0.088,1249.0,,,,
observed_delta_random,l1,0.614,-0.023,-0.169,0.7502,0.064,0.039,0.284,0.084,1249.0,,,,
observed_delta_random,l2,0.622,0.031,-0.232,0.2078,0.063,0.038,0.252,0.115,1249.0,,,,
pca,en,0.606,-0.032,-0.232,0.8292,0.058,0.034,0.26,0.107,1249.0,-0.97,0.9048,0.014,20.0
pca,l1,0.602,-0.057,-0.245,0.958,0.057,0.034,0.26,0.108,1249.0,-1.39,0.9524,0.013,20.0
pca,l2,0.614,0.015,-0.203,0.3566,0.059,0.036,0.293,0.098,1249.0,0.54,0.2857,-0.015,20.0
pca_random,en,0.605,0.057,-0.176,0.0809,0.068,0.04,0.289,0.11,1249.0,,,,
pca_random,l1,0.607,0.046,-0.175,0.1229,0.067,0.041,0.289,0.11,1249.0,,,,
pca_random,l2,0.616,0.023,-0.268,0.2657,0.063,0.036,0.255,0.121,1249.0,,,,
planted,en,0.821,0.726,0.748,0.001,0.048,0.029,0.054,0.026,1249.0,,,,
planted,l1,0.821,0.727,0.748,0.001,0.048,0.029,0.053,0.031,1249.0,,,,
planted,l2,0.816,0.719,0.753,0.001,0.049,0.029,0.052,0.026,1249.0,,,,
prior,en,0.62,0.0,-0.285,1.0,0.0,0.0,0.26,0.097,1249.0,,,,
prior,l1,0.62,0.0,-0.285,1.0,0.0,0.0,0.26,0.097,1249.0,,,,
prior,l2,0.62,0.0,-0.285,1.0,0.0,0.0,0.26,0.097,1249.0,,,,
stack_cytokine,en,0.596,0.012,-0.188,0.3816,0.062,0.038,0.294,0.101,1249.0,0.26,0.4286,0.0,20.0
stack_cytokine,l1,0.598,0.016,-0.172,0.3347,0.062,0.037,0.277,0.085,1249.0,0.35,0.3333,0.002,20.0
stack_cytokine,l2,0.591,0.04,-0.114,0.1419,0.059,0.037,0.404,0.09,1249.0,0.83,0.1429,-0.0,20.0
stack_cytokine_random,en,0.616,0.018,-0.258,0.3437,0.066,0.041,0.237,0.091,1249.0,,,,
stack_cytokine_random,l1,0.617,0.02,-0.251,0.3407,0.069,0.041,0.24,0.098,1249.0,,,,
stack_cytokine_random,l2,0.618,0.014,-0.21,0.3497,0.059,0.036,0.25,0.106,1249.0,,,,
stack_drug_aligned,en,0.553,0.018,-0.211,0.3157,0.062,0.036,0.352,0.194,1249.0,0.21,0.619,0.007,20.0
stack_drug_aligned,l1,0.551,0.009,-0.212,0.4176,0.06,0.035,0.345,0.18,1249.0,-0.02,0.5714,0.01,20.0
stack_drug_aligned,l2,0.516,-0.053,-0.136,0.9241,0.061,0.037,0.385,0.135,1249.0,-0.96,0.8095,-0.007,20.0
stack_drug_aligned_random,en,0.609,0.033,-0.176,0.2018,0.065,0.039,0.255,0.141,1249.0,,,,
stack_drug_aligned_random,l1,0.611,0.044,-0.186,0.1359,0.065,0.039,0.269,0.141,1249.0,,,,
stack_drug_aligned_random,l2,0.623,0.048,-0.231,0.0709,0.056,0.034,0.246,0.115,1249.0,,,,
